Gene_set,Term,Overlap,P-value,Adjusted P-value,Old P-value,Old Adjusted P-value,Odds Ratio,Combined Score,Genes
KEGG_2021_Human,Focal adhesion,59/201,5.344940379058744e-13,1.6248618752338584e-10,0,0,3.4593751865882054,97.75314149647788,GSK3B;FLT1;LAMC3;FLT4;RASGRF1;PTEN;ARHGAP5;MYLK;CCND2;CCND1;AKT3;KDR;TNR;PDGFRB;PDGFRA;VWF;PRKCB;HGF;ITGA1;ACTN4;COL4A2;COL4A4;COL6A2;COL4A3;COL6A1;COL4A6;ITGA8;COL4A5;ITGA7;COL6A6;ITGA6;COL6A5;ITGA5;TLN1;PPP1R12B;MYL9;VCL;ITGA9;SHC3;LAMA2;LAMA4;PXN;LAMA3;PDGFB;PIK3R3;PIK3R1;RAP1A;FLNA;PIP5K1B;FYN;JUN;CAV2;LAMB2;CAV1;VEGFC;PARVA;LAMB1;PARVB;ZYX
KEGG_2021_Human,Pathways in cancer,109/531,4.140966780901479e-11,6.2942695069702505e-09,0,0,2.167525142717357,51.8201219595069,SPI1;CSF3R;HHIP;FGF2;ETS1;FGF7;EDNRA;EDNRB;CCND2;CCND1;AKT3;PRKACA;PDGFRB;PDGFRA;DAPK1;PRKCB;DAPK2;HGF;DAPK3;F2R;MITF;AR;ADCY9;COL4A2;COL4A4;COL4A3;AGTR1;COL4A6;COL4A5;IL6ST;EPAS1;NOTCH4;PDGFB;PIK3R3;PIK3R1;RASGRP2;FOXO1;TPR;WNT2;FZD1;GSTM3;JUN;TGFB2;JAG1;TGFB1;GADD45B;FZD4;FZD7;ZBTB16;PTCH1;IGF2;FZD8;GNG12;GNG11;BMP4;BMP2;IL6;CDK6;CXCL12;GNAQ;CALM1;FGFR4;IL7R;FGFR2;GSTM5;FGFR1;GSK3B;WNT2B;LAMC3;FLT4;PTEN;HEY1;HEY2;JAK2;EDN1;ARHGEF12;DCC;FOS;AXIN2;TGFBR2;PLCB4;IL3RA;PPARG;ITGA6;PTGER4;CEBPA;LAMA2;LAMA4;LAMA3;ADCY4;PTGS2;DLL1;GNAI1;GNAI2;GNG2;GNA11;GNG7;RUNX1T1;ARNT2;TCF7L2;CDKN2B;TCF7L1;LAMB2;VEGFC;LAMB1;EPOR;HEYL;APC;FAS
KEGG_2021_Human,Vascular smooth muscle contraction,40/133,1.294052882838806e-09,1.3113069212766569e-07,0,0,3.5591297450879997,72.839322724962,RAMP2;CALCRL;RAMP3;NPR1;PLA2G1B;NPR2;ADCY4;CACNA1D;CACNA1C;PLA2G5;ACTG2;MYLK;EDNRA;CALD1;KCNMB1;GNA11;KCNMB4;MYH14;MYH11;PRKACA;MYH10;PRKG1;GUCY1A2;PPP1R14A;EDN1;PTGIR;PRKCH;ARHGEF12;PRKCB;PRKCE;PLA2G4C;ACTA2;ADCY9;PLCB4;GNAQ;AGTR1;PRKCQ;CALM1;PPP1R12B;MYL9
KEGG_2021_Human,ECM-receptor interaction,29/88,2.472504601057047e-08,1.879103496803356e-06,0,0,4.05434277751974,71.01363454770757,LAMA2;LAMC3;LAMA4;LAMA3;TNR;CD36;VWF;LAMB2;ITGA1;LAMB1;NPNT;FRAS1;COL4A2;COL4A4;COL6A2;COL4A3;COL6A1;COL4A6;ITGA8;COL4A5;ITGA7;COL6A6;ITGA6;CD47;COL6A5;ITGA5;CD44;FREM2;ITGA9
KEGG_2021_Human,Dilated cardiomyopathy,30/96,5.5902730826998726e-08,3.3988860342815225e-06,0,0,3.749577559986482,62.616642670933714,LAMA2;ADCY4;ADRB1;CACNA1D;CACNA1C;SLC8A1;TTN;SGCD;PLN;SGCA;SGCB;DMD;PRKACA;SGCG;TGFB2;TGFB1;TPM4;CACNA2D1;TNNC1;TPM2;ITGA1;CACNA2D2;ADCY9;DES;TNNT2;ITGA8;ITGA7;ITGA6;ITGA5;ITGA9
KEGG_2021_Human,Rap1 signaling pathway,50/210,7.182373027666308e-08,3.639069000684263e-06,0,0,2.5882387429643527,42.57407085090484,DOCK4;FLT1;FLT4;ITGAL;FGF2;FGF7;AKT3;KDR;PLCE1;MAGI1;PDGFRB;PDGFRA;PRKCB;HGF;MAGI3;F2R;MAGI2;ARAP3;ENAH;TIAM1;ADCY9;MRAS;PLCB4;RAPGEF2;PRKD1;TLN1;RAPGEF5;RAPGEF6;RAPGEF4;FPR1;PDGFB;ADCY4;PIK3R3;PIK3R1;RASGRP2;GNAI1;GNAI2;RAP1A;RRAS;CNR1;P2RY1;ANGPT1;VEGFC;GNAQ;ID1;TEK;CALM1;FGFR4;FGFR2;FGFR1
KEGG_2021_Human,Hypertrophic cardiomyopathy,28/90,1.704702042035865e-07,7.403277439698613e-06,0,0,3.722766346182646,58.018216446587,LAMA2;CACNA1D;CACNA1C;SLC8A1;TTN;SGCD;SGCA;SGCB;DMD;SGCG;EDN1;TGFB2;ACE;TGFB1;TPM4;CACNA2D1;TNNC1;TPM2;ITGA1;CACNA2D2;IL6;DES;TNNT2;ITGA8;ITGA7;ITGA6;ITGA5;ITGA9
KEGG_2021_Human,PI3K-Akt signaling pathway,70/354,5.574693998103761e-07,1.9246094937250937e-05,0,0,2.046288145539906,29.466259179898607,GSK3B;CSF3;CSF3R;FLT1;LAMC3;FLT4;PTEN;FGF2;GHR;FGF7;CCND2;CCND1;AKT3;KDR;TNR;JAK2;MAGI1;PDGFRB;PDGFRA;VWF;HGF;F2R;MAGI2;ITGA1;COL4A2;COL4A4;COL6A2;COL4A3;COL6A1;IL3RA;COL4A6;ITGA8;COL4A5;ITGA7;COL6A6;ITGA6;COL6A5;ITGA5;TLR4;CREB5;ITGA9;LAMA2;LAMA4;LAMA3;PDGFB;PIK3R3;PIK3R1;FOXO3;PPP2CA;GNG2;ERBB4;GNG7;NTRK2;ANGPT1;BDNF;LAMB2;IGF2;VEGFC;LAMB1;GNG12;GNG11;EPOR;NR4A1;IL6;CDK6;TEK;FGFR4;IL7R;FGFR2;FGFR1
KEGG_2021_Human,Proteoglycans in cancer,47/205,5.697857053791395e-07,1.9246094937250937e-05,0,0,2.460557910651291,35.37791517802773,WNT2B;SDC2;PXN;TWIST2;HSPB2;PIK3R3;PIK3R1;FGF2;RRAS;CCND1;ERBB4;AKT3;KDR;GPC3;PLCE1;TIMP3;FLNA;PRKACA;WNT2;FZD1;TGFB2;TGFB1;ARHGEF12;PRKCB;FZD4;CAV2;FZD7;HGF;CAV1;PTCH1;RDX;IGF2;GAB1;FZD8;MSN;ANK2;ANK3;DCN;TIAM1;MRAS;FAS;ITGA5;PPP1R12B;TLR4;CD44;HBEGF;FGFR1
KEGG_2021_Human,Amoebiasis,29/102,8.627576795777872e-07,2.622783345916473e-05,0,0,3.274214380698484,45.71828750797656,LAMA2;LAMC3;LAMA4;LAMA3;PIK3R3;PIK3R1;CD1C;C8B;CXCL3;CXCL2;GNA11;CTSG;PRKACA;TGFB2;TGFB1;PRKCB;LAMB2;LAMB1;ACTN4;IL6;PLCB4;COL4A2;COL4A4;GNAQ;COL4A3;COL4A6;COL4A5;TLR4;VCL
KEGG_2021_Human,TGF-beta signaling pathway,27/94,1.636377836378603e-06,4.522353293264503e-05,0,0,3.319437614710669,44.22495163829753,BMPR2;LTBP1;THSD4;PPP2CA;NEO1;LEFTY1;CDKN2B;TGFB2;TGFB1;FST;SMAD9;RGMB;SMAD6;DCN;BMP6;TGFBR2;BMP5;SMAD7;BMP4;BMP2;ID2;ID1;ID4;ID3;FMOD;NBL1;FBN1
KEGG_2021_Human,Malaria,18/50,2.5900880502800008e-06,6.561556394042668e-05,0,0,4.623209334565619,59.47212662997286,CSF3;TGFB2;TGFB1;GYPC;KLRB1;LRP1;HGF;SDC2;HBB;HBA1;ITGAL;SELE;SELP;IL6;PECAM1;CD36;ACKR1;TLR4
KEGG_2021_Human,AGE-RAGE signaling pathway in diabetic complications,27/100,5.970969912102155e-06,0.0001396288348676196,0,0,3.0455773448177226,36.63403524187999,PIK3R3;PIK3R1;AGER;FOXO1;THBD;CCND1;AKT3;PLCE1;JAK2;EGR1;JUN;TGFB2;EDN1;TGFB1;PRKCB;PRKCE;VEGFC;SELE;TGFBR2;IL6;PLCB4;COL4A2;COL4A4;COL4A3;AGTR1;COL4A6;COL4A5
KEGG_2021_Human,Chemokine signaling pathway,42/192,7.845595182676961e-06,0.00014759412273977646,0,0,2.3117009345794397,27.175335124527702,CCL14;CX3CR1;GSK3B;SHC3;PXN;ADCY4;PIK3R3;ARRB1;PIK3R1;FOXO3;RASGRP2;CXCL3;CXCL2;CX3CL1;GNAI1;GNAI2;PREX1;RAP1A;GNG2;GRK5;GNG7;AKT3;CXCR2;PRKACA;JAK2;CCL15;CCL23;CCL21;PRKCB;PPBP;GNG12;GNG11;FGR;TIAM1;HCK;ADCY9;CXCL12;PLCB4;GNAQ;ELMO1;XCL1;PF4
KEGG_2021_Human,cGMP-PKG signaling pathway,38/167,8.00127961781581e-06,0.00014759412273977646,0,0,2.430369952562768,28.522600786381137,NPR1;NPR2;PDE3B;ADCY4;ADRB1;CACNA1D;ATP1A2;ADRB2;CACNA1C;SLC8A1;GNAI1;MYLK;GNAI2;EDNRA;RGS2;EDNRB;PLN;KCNMB1;GNA11;AKT3;KCNMB4;PRKG1;MEF2A;GUCY1A2;MEF2C;TRPC6;KCNJ8;PRKCE;PDE2A;NFATC3;ADCY9;PLCB4;GNAQ;AGTR1;PDE5A;CALM1;MYL9;CREB5
KEGG_2021_Human,Complement and coagulation cascades,24/85,8.426538327674228e-06,0.00014759412273977646,0,0,3.2374238441787324,37.82646327916557,C1QB;CFD;C1QA;CPB2;VWF;CFH;F10;PROS1;F2R;C5AR1;C4BPA;C8B;TFPI;CLU;C2;THBD;F8;C6;C7;SERPING1;CD59;VSIG4;MASP1;A2M
KEGG_2021_Human,Renin secretion,21/69,8.496936675453605e-06,0.00014759412273977646,0,0,3.5975821378991206,42.00466697592594,PTGER4;GUCY1A2;EDN1;ACE;PDE1C;NPR1;PDE3B;ADRB1;CACNA1D;ADRB2;CACNA1C;GNAI1;AQP1;GNAI2;EDNRA;PLCB4;GNAQ;AGTR1;PRKACA;CALM1;KCNJ2
KEGG_2021_Human,Apelin signaling pathway,33/137,8.739125688539396e-06,0.00014759412273977646,0,0,2.6155367433869063,30.464988395537294,PDE3B;ADCY4;SLC8A1;GNAI1;MYLK;GNAI2;GNG2;CCND1;RRAS;GNG7;AKT3;NOS1;PRKACA;PPARGC1A;MEF2A;EGR1;GABARAPL1;MEF2C;JAG1;PRKCE;GNG12;GNG11;KLF2;APLN;ACTA2;ADCY9;MRAS;PLCB4;GNAQ;AGTR1;APLNR;PIK3C3;CALM1
KEGG_2021_Human,Tight junction,38/169,1.0716679577246202e-05,0.00017146687323593923,0,0,2.392994474193916,27.38473285889497,NEDD4L;CACNA1D;CD1C;CLDN22;PPP2CA;RAP1A;CCND1;MYH14;MYH11;PRKACA;SYNPO;BVES;MPDZ;MYH10;CGNL1;JAM2;RAB8B;JAM3;MAGI1;ACTR3;JUN;PRKCE;RDX;MSN;ACTN4;CLDN11;TJP1;CLDN5;TIAM1;NEDD4;CLDN18;RAPGEF2;AMOTL2;AMOTL1;MYL9;RAPGEF6;CFTR;TJP2
KEGG_2021_Human,Regulation of lipolysis in adipocytes,18/55,1.2109362797052852e-05,0.00018406231451520332,0,0,3.997327271818954,45.25586710218085,NPR1;PDE3B;NPY1R;ADCY4;PIK3R3;ADRB1;ADRB2;PIK3R1;PTGS2;GNAI1;GNAI2;PTGS1;ADCY9;FABP4;AKT3;PRKACA;PRKG1;MGLL
KEGG_2021_Human,Human papillomavirus infection,62/331,1.4636822756739674e-05,0.0002118854341928029,0,0,1.9079013817773725,21.238701131491798,GSK3B;WNT2B;MAML2;LAMC3;PTEN;OASL;CCND2;HEY1;CCND1;AKT3;HEY2;TNR;PRKACA;MAGI1;PDGFRB;VWF;ITGA1;AXIN2;HLA-E;COL4A2;COL4A4;MFNG;COL6A2;COL4A3;COL6A1;COL4A6;ITGA8;COL4A5;ITGA7;COL6A6;ITGA6;COL6A5;ITGA5;TLR3;CREB5;ITGA9;PTGER4;LAMA2;NOTCH4;LAMA4;PXN;LAMA3;PIK3R3;PIK3R1;PTGS2;FOXO1;PPP2CA;ATP6V0A2;WNT2;FZD1;TCF7L2;TCF7L1;JAG1;FZD4;LAMB2;FZD7;FZD8;LAMB1;HEYL;CDK6;APC;FAS
KEGG_2021_Human,Arrhythmogenic right ventricular cardiomyopathy,22/77,1.6094749498624617e-05,0.00022240017489008563,0,0,3.2894444444444444,36.30565575801952,TCF7L2;TCF7L1;LAMA2;ACTN2;CACNA2D1;ITGA1;CACNA2D2;CACNA1D;CACNA1C;SLC8A1;GJA1;SGCD;DES;SGCA;SGCB;ITGA8;ITGA7;ITGA6;DMD;ITGA5;SGCG;ITGA9
KEGG_2021_Human,Relaxin signaling pathway,31/129,1.6983286861720897e-05,0.0002244747480853545,0,0,2.605907076917238,28.62140922513991,SHC3;ADCY4;PIK3R3;ARRB1;PIK3R1;RXFP1;GNAI1;GNAI2;EDNRB;GNG2;GNG7;AKT3;NOS1;PRKACA;JUN;EDN1;TGFB1;VEGFC;FOS;GNG12;GNG11;TGFBR2;ACTA2;ADCY9;PLCB4;COL4A2;COL4A4;COL4A3;COL4A6;COL4A5;CREB5
KEGG_2021_Human,Regulation of actin cytoskeleton,45/218,1.8319680056910465e-05,0.00023204928072086584,0,0,2.147749126997222,23.42664805017861,PXN;PDGFB;PIK3R3;PIK3R1;ITGAL;FGF2;MYLK;FGF7;RRAS;CFL2;MYH14;PIP5K1B;MYH11;MYH10;WASF2;PDGFRB;ACTR3;PDGFRA;GSN;ARHGEF12;RDX;F2R;ITGA1;MSN;ACTN4;GNG12;ENAH;TIAM1;DIAPH2;MRAS;CXCL12;ABI2;APC;ITGA8;ITGA7;ITGA6;ITGA5;FGFR4;PPP1R12B;MYL9;VCL;FGFR2;ARHGEF6;FGFR1;ITGA9
KEGG_2021_Human,Ras signaling pathway,46/232,4.289536856424467e-05,0.0005216076817412152,0,0,2.0414804075550723,20.530651345126035,SHC3;FLT1;PLA2G1B;FLT4;RASGRF1;PDGFB;PIK3R3;PIK3R1;PLA2G5;FOXO4;RASGRP2;ETS1;FGF2;ETS2;FGF7;RAP1A;GNG2;RRAS;GNG7;AKT3;KDR;PLCE1;PRKACA;PDGFRB;PDGFRA;NTRK2;ANGPT1;PRKCB;BDNF;HGF;PLA2G4C;IGF2;GAB1;VEGFC;GAB2;GNG12;GNG11;TIAM1;MRAS;TEK;CALM1;RAPGEF5;FGFR4;FGFR2;PLA1A;FGFR1
KEGG_2021_Human,MAPK signaling pathway,55/294,4.496059092504709e-05,0.0005256930631236275,0,0,1.901916581587991,19.037660450437645,FLT1;FLT4;RASGRF1;ARRB1;FGF2;FGF7;RPS6KA2;AKT3;KDR;PRKACA;PDGFRB;PDGFRA;MEF2C;PRKCB;DUSP1;CACNA2D1;HGF;PLA2G4C;CACNA2D2;FOS;TGFBR2;PPM1A;MRAS;RAPGEF2;PDGFB;CACNA1D;CACNA1C;RASGRP2;RAP1A;RRAS;ERBB4;MKNK2;FLNA;MAP2K5;MAP3K3;NTRK2;JUN;TGFB2;JUND;TGFB1;GADD45B;ANGPT1;BDNF;IGF2;NFATC3;VEGFC;HSPA2;GNG12;NR4A1;FAS;TEK;FGFR4;LAMTOR3;FGFR2;FGFR1
KEGG_2021_Human,Cell adhesion molecules,33/148,4.7304943124890433e-05,0.0005326186188876552,0,0,2.363886135108342,23.54169561305311,CD274;SELPLG;SDC2;ICAM2;NRXN3;PTPRM;ITGAL;CLDN22;CDH5;HLA-DOA;CD34;NEO1;JAM2;HLA-DPA1;JAM3;NTNG1;NLGN4X;CADM1;NEGR1;SELE;HLA-E;SELP;CLDN11;CLDN5;CD4;NFASC;CNTN1;ITGA8;PECAM1;CLDN18;ESAM;ITGA6;ITGA9
KEGG_2021_Human,Axon guidance,38/182,6.120291048345034e-05,0.0006644887423917466,0,0,2.17536017827529,21.103856095727867,SEMA5A;ROBO2;GSK3B;NRP1;BMPR2;NTN4;SEMA3G;PIK3R3;SEMA3E;PIK3R1;GNAI1;GNAI2;EFNB2;ABLIM1;RRAS;ABLIM3;CFL2;DPYSL2;PLXNA2;FYN;SLIT3;SLIT2;NEO1;NCK1;NTNG1;SEMA6A;ARHGEF12;TRPC6;DCC;SEMA6D;PTCH1;TRPC1;NFATC3;UNC5C;ENAH;CXCL12;MYL9;EPHA3
KEGG_2021_Human,Breast cancer,32/147,9.933372740381372e-05,0.0010412914872675,0,0,2.291187057633974,21.11792929028488,GSK3B;SHC3;WNT2B;NOTCH4;FLT4;PTEN;PIK3R3;PIK3R1;FGF2;DLL1;FGF7;CCND1;HEY1;AKT3;HEY2;WNT2;FZD1;TCF7L2;JUN;TCF7L1;JAG1;GADD45B;FZD4;FZD7;FZD8;AXIN2;FOS;HEYL;CDK6;APC;PGR;FGFR1
KEGG_2021_Human,Signaling pathways regulating pluripotency of stem cells,31/143,0.00013717715503437002,0.0013900618376816,0,0,2.278367204622435,20.26433872261731,GSK3B;BMPR2;WNT2B;PIK3R3;PIK3R1;FGF2;AKT3;JAK2;WNT2;FZD1;LEFTY1;FZD4;PCGF5;FZD7;FZD8;SMAD9;LIFR;AXIN2;KLF4;TBX3;BMP4;MEIS1;APC;ID2;ID1;ID4;ID3;IL6ST;FGFR4;FGFR2;FGFR1
KEGG_2021_Human,Hippo signaling pathway,34/163,0.000148363103842751,0.001454915598974,0,0,2.170492110923448,19.134728284495704,GSK3B;BMPR2;WNT2B;WWC1;LIMD1;NKD1;NKD2;PPP2CA;CCND2;RASSF2;CCND1;WNT2;FZD1;WWTR1;TCF7L2;TGFB2;TCF7L1;TGFB1;FZD4;FZD7;FZD8;AXIN2;BMP6;BMP5;SMAD7;TGFBR2;BMP4;BMP2;LATS2;APC;ID2;ID1;DCHS1;FAT4
KEGG_2021_Human,Serotonergic synapse,26/113,0.00016884729404900118,0.0016040492934655,0,0,2.4577548887893714,21.34932676500564,GABRB2;MAOB;MAOA;CACNA1D;CACNA1C;PTGS2;GNAI1;SLC6A4;GNAI2;PTGS1;GNG2;ALOX5;GNG7;KCNN2;PRKACA;SLC18A2;KCNJ5;PRKCB;DUSP1;TRPC1;PLA2G4C;GNG12;ALOX15B;GNG11;PLCB4;GNAQ
KEGG_2021_Human,Wnt signaling pathway,34/166,0.00021393924191445295,0.0019708342285452,0,0,2.1208030020879183,17.92040044092646,GSK3B;WNT2B;PRICKLE2;PRICKLE1;NKD1;NKD2;CCND2;CCND1;SOX17;WIF1;RSPO2;RSPO3;PRKACA;WNT2;TLE4;FZD1;TCF7L2;JUN;TCF7L1;PRKCB;FZD4;FZD7;CTNNBIP1;NFATC3;FZD8;AXIN2;DKK2;SFRP1;PLCB4;APC;DAAM2;SFRP5;ROR1;LGR5
KEGG_2021_Human,Cushing syndrome,32/155,0.0002782737167135772,0.0024880944082625,0,0,2.1411987143127247,17.52979118001151,GSK3B;WNT2B;ADCY4;CACNA1D;CACNA1C;GNAI1;GNAI2;RAP1A;CCND1;GNA11;PDE8B;PRKACA;WNT2;LDLR;FZD1;TCF7L2;CDKN2B;TCF7L1;FZD4;FZD7;FZD8;AXIN2;PBX1;NR4A1;ADCY9;CDK6;PLCB4;APC;GNAQ;AGTR1;KCNK3;CREB5
KEGG_2021_Human,Platelet activation,27/124,0.0003334710445965404,0.0028964342159242,0,0,2.288932475422776,18.325089295701726,ADCY4;PIK3R3;PIK3R1;RASGRP2;GNAI1;MYLK;GNAI2;PTGS1;RAP1A;TBXA2R;AKT3;P2RY1;FYN;PRKACA;PRKG1;P2RY12;GUCY1A2;PTGIR;ARHGEF12;FCER1G;VWF;F2R;PLA2G4C;ADCY9;PLCB4;GNAQ;TLN1
KEGG_2021_Human,"Parathyroid hormone synthesis, secretion and action",24/106,0.0003809945709128472,0.0032084753072842,0,0,2.40547932819458,18.93767828445857,MEF2A;SLC34A2;EGR1;KL;MEF2C;JUND;PRKCB;ADCY4;ARRB1;GATA3;PTH1R;FOS;GNAI1;GNAI2;NR4A2;AKAP13;ADCY9;PLCB4;GNAQ;GNA11;PRKACA;FGFR1;CREB5;HBEGF
KEGG_2021_Human,Calcium signaling pathway,44/240,0.0003905052183207771,0.0032084753072842,0,0,1.8503083179015287,14.521347767588056,PTGFR;FLT1;PDE1C;FLT4;PDGFB;ADCY4;ADRB1;CACNA1D;ADRB2;CACNA1C;FGF2;SLC8A1;MYLK;EDNRA;CYSLTR1;FGF7;EDNRB;PLN;TBXA2R;ERBB4;GNA11;KDR;PLCE1;NOS1;PRKACA;PDGFRB;PDGFRA;NTRK2;MCOLN3;PRKCB;TNNC1;HGF;F2R;VEGFC;ITPKB;ADCY9;PLCB4;GNAQ;AGTR1;CASQ2;CALM1;FGFR4;FGFR2;FGFR1
KEGG_2021_Human,Leukocyte transendothelial migration,25/114,0.0004861536679307285,0.0038783176370146,0,0,2.3087882150094026,17.61371249570038,NCF2;PXN;PIK3R3;PIK3R1;ARHGAP5;ITGAL;GNAI1;GNAI2;CLDN22;CDH5;RAP1A;JAM2;JAM3;PRKCB;MSN;ACTN4;CLDN11;CLDN5;CXCL12;PECAM1;CLDN18;ESAM;MYL9;VCL;RAPGEF4
KEGG_2021_Human,Osteoclast differentiation,27/127,0.0004975473284328039,0.0038783176370146,0,0,2.219888631090487,16.884073066998813,SPI1;NCF2;PIK3R3;PIK3R1;LILRA2;SIRPB1;SOCS3;FCGR3A;FCGR3B;AKT3;SIRPA;ACP5;FYN;JUNB;JUN;TGFB2;JUND;TGFB1;MITF;FOS;GAB2;LILRB2;OSCAR;TGFBR2;TYROBP;FOSB;PPARG
KEGG_2021_Human,Oxytocin signaling pathway,31/154,0.0005427264165740259,0.0041247207659625,0,0,2.073321918714305,15.589110959790816,NPR1;NPR2;ADCY4;CACNA1D;CACNA1C;PTGS2;GNAI1;MYLK;GNAI2;RGS2;CCND1;PRKACA;MAP2K5;KCNJ2;GUCY1A2;KCNJ5;MEF2C;JUN;PRKCB;CACNA2D1;PLA2G4C;NFATC3;CACNA2D2;FOS;RCAN1;ADCY9;PLCB4;GNAQ;CALM1;PPP1R12B;MYL9
KEGG_2021_Human,Circadian entrainment,22/97,0.0006385959634422159,0.0047349554362544,0,0,2.409543209876543,17.725174765614103,GRIA1;GUCY1A2;KCNJ5;PRKCB;ADCY4;CACNA1D;CACNA1C;FOS;GNG12;GNG11;GNAI1;GNAI2;ADCY9;PLCB4;GNG2;PER3;GNAQ;GNG7;NOS1;PRKACA;CALM1;PRKG1
KEGG_2021_Human,Adrenergic signaling in cardiomyocytes,30/150,0.0007388949208254544,0.0052318545410534,0,0,2.0559944237918217,14.824449340818871,KCNE1;ADCY4;ADRB1;CACNA1D;ATP1A2;ADRB2;CACNA1C;SLC8A1;GNAI1;GNAI2;PPP2CA;PLN;AKT3;SCN7A;PRKACA;TPM4;CACNA2D1;TPM2;TNNC1;CACNA2D2;ADCY9;PLCB4;GNAQ;TNNT2;AGTR1;AGTR2;CALM1;SCN4B;CREB5;RAPGEF4
KEGG_2021_Human,Aldosterone synthesis and secretion,22/98,0.0007400320567937499,0.0052318545410534,0,0,2.3777046783625733,17.140438031695094,KCNJ5;PRKCB;NPR1;PRKCE;PDE2A;ADCY4;CACNA1D;ATP1A2;CACNA1C;NR4A2;NR4A1;ADCY9;PLCB4;GNAQ;GNA11;AGTR1;PRKD1;PRKACA;CALM1;LDLR;KCNK3;CREB5
KEGG_2021_Human,Small cell lung cancer,21/92,0.0007676948520139141,0.0053040735230052,0,0,2.4290202110394903,17.42122014119942,CDKN2B;LAMA2;GADD45B;LAMC3;LAMB2;LAMA4;LAMA3;PTEN;PIK3R3;LAMB1;PIK3R1;PTGS2;CDK6;CCND1;COL4A2;COL4A4;AKT3;COL4A3;COL4A6;COL4A5;ITGA6
KEGG_2021_Human,Hematopoietic cell lineage,22/99,0.0008551211377104086,0.0057768183525325,0,0,2.346693121693121,16.577667758520246,CSF3;CSF3R;TFRC;MME;IL11RA;ITGA1;CD1C;EPOR;IL6;CD4;IL3RA;CD37;ITGA6;CD59;CD36;ITGA5;HLA-DOA;IL7R;CD34;CD33;CD44;HLA-DPA1
KEGG_2021_Human,Basal cell carcinoma,16/63,0.0009425813964514084,0.0062292335765484,0,0,2.793029606491032,19.45872523140244,FZD1;GSK3B;TCF7L2;TCF7L1;WNT2B;GADD45B;FZD4;HHIP;FZD7;PTCH1;FZD8;AXIN2;BMP4;BMP2;APC;WNT2
KEGG_2021_Human,Gap junction,20/88,0.0010732083067401,0.0069209625120798,0,0,2.4147031615606465,16.509573503871913,PDGFRB;GUCY1A2;PDGFRA;PRKCB;ADCY4;PDGFB;ADRB1;GNAI1;GNAI2;TJP1;GJA1;TUBB6;ADCY9;PLCB4;GNA11;GNAQ;TUBB1;PRKACA;PRKG1;MAP2K5
KEGG_2021_Human,cAMP signaling pathway,39/216,0.0010927835545389,0.0069209625120798,0,0,1.813812412505833,12.368436028172695,GRIA1;NPR1;HHIP;PDE3B;ADCY4;PIK3R3;ADRB1;CACNA1D;ATP1A2;PIK3R1;ADRB2;CACNA1C;GNAI1;GNAI2;HCAR3;EDNRA;RAP1A;PLN;RRAS;AKT3;PLCE1;PRKACA;JUN;EDN1;BDNF;PTCH1;F2R;NPY1R;ARAP3;FOS;SSTR1;TIAM1;ADCY9;FXYD1;CALM1;MYL9;CFTR;RAPGEF4;CREB5
KEGG_2021_Human,Melanogenesis,22/101,0.0011322854081752,0.0070247911037812,0,0,2.287025316455696,15.514075579283922,FZD1;GSK3B;TCF7L2;EDN1;TCF7L1;WNT2B;PRKCB;FZD4;FZD7;TYRP1;ADCY4;FZD8;MITF;GNAI1;GNAI2;EDNRB;ADCY9;PLCB4;GNAQ;PRKACA;CALM1;WNT2
KEGG_2021_Human,Arachidonic acid metabolism,15/61,0.0019071617692888,0.0115955435572759,0,0,2.674304287634678,16.746865516457365,PTGIS;GPX3;PLA2G1B;EPHX2;PLA2G4C;PLA2G5;LTC4S;PTGS2;ALOX15B;PTGS1;HPGDS;CYP2U1;ALOX5;GGT1;PTGDS
KEGG_2021_Human,"Growth hormone synthesis, secretion and action",24/119,0.0021193581116745,0.0126330365872366,0,0,2.074786595775816,12.773718324924891,GSK3B;SHC3;PRKCB;ADCY4;PIK3R3;CACNA1D;CACNA1C;PIK3R1;FOS;SSTR1;GNAI1;GNAI2;SOCS2;GHR;SOCS3;ADCY9;PLCB4;GNAQ;GNA11;AKT3;PRKACA;JAK2;JUNB;CREB5
KEGG_2021_Human,Cholinergic synapse,23/113,0.0022906641821745,0.0133915752188668,0,0,2.098420050434872,12.75611390523718,PRKCB;ADCY4;PIK3R3;CACNA1D;CACNA1C;PIK3R1;FOS;GNG12;GNG11;GNAI1;GNAI2;ADCY9;PLCB4;GNG2;GNAQ;GNA11;GNG7;AKT3;FYN;PRKACA;JAK2;KCNJ2;CREB5
KEGG_2021_Human,Chagas disease,21/102,0.0030070828446191,0.0172481732974383,0,0,2.127941453716558,12.35649814143372,C1QB;C1QA;JUN;TGFB2;ACE;TGFB1;PIK3R3;PIK3R1;FOS;CFLAR;GNAI1;TGFBR2;GNAI2;PPP2CA;IL6;PLCB4;GNAQ;GNA11;AKT3;FAS;TLR4
KEGG_2021_Human,Kaposi sarcoma-associated herpesvirus infection,34/193,0.0033137221241779,0.0186550282546314,0,0,1.757978754553014,10.037501782916433,GSK3B;PDGFB;PIK3R3;PIK3R1;PTGS2;CXCL3;FGF2;CXCL2;PREX1;ZFP36;GNG2;CCND1;GNG7;AKT3;JAK2;TCF7L2;GABARAPL1;JUN;TCF7L1;NFATC3;FOS;GNG12;GNG11;HLA-E;HCK;RCAN1;IL6;CDK6;CLEC2B;FAS;PIK3C3;CALM1;IL6ST;TLR3
KEGG_2021_Human,Protein digestion and absorption,21/103,0.003397317062241,0.018777897944023,0,0,2.101872439362987,11.94865982795626,CPA3;CPB2;COL13A1;MME;COL14A1;ELN;COL12A1;SLC1A1;ATP1A2;SLC8A1;SLC7A7;COL4A2;COL4A4;COL6A2;COL4A3;COL6A1;COL4A6;COL4A5;COL21A1;COL6A6;COL6A5
KEGG_2021_Human,Adherens junction,16/71,0.0035619474464467,0.0193362861378537,0,0,2.385696298161672,13.449238462455876,PTPN1;TCF7L2;TCF7L1;PTPRM;LMO7;ACTN4;SORBS1;TGFBR2;TJP1;FER;PTPRB;FYN;WASF2;VCL;WASF3;FGFR1
KEGG_2021_Human,Cortisol synthesis and secretion,15/65,0.0036953110201734,0.0197083254409249,0,0,2.459806183664052,13.77661325965898,ADCY4;CACNA1D;CACNA1C;PBX1;NR4A1;ADCY9;PLCB4;GNA11;GNAQ;AGTR1;PDE8B;PRKACA;LDLR;KCNK3;CREB5
KEGG_2021_Human,Morphine addiction,19/91,0.0039382813532329,0.0206420264031521,0,0,2.165035701443468,11.987826181655064,GABRB2;KCNJ5;PDE1C;PRKCB;PDE3B;PDE2A;ADCY4;ARRB1;GNG12;GNG11;GNAI1;GNAI2;ADCY9;GNG2;GRK5;GNG7;PDE7B;PDE8B;PRKACA
KEGG_2021_Human,Dopaminergic synapse,25/132,0.0041863885583986,0.021352805048747,0,0,1.9184441873664964,10.505240824431846,GRIA1;GSK3B;MAOB;MAOA;CACNA1D;ARRB1;CACNA1C;GNAI1;GNAI2;PPP2CA;GNG2;GNG7;AKT3;PRKACA;SLC18A2;SCN1A;KCNJ5;PRKCB;FOS;GNG12;GNG11;PLCB4;GNAQ;CALM1;CREB5
KEGG_2021_Human,Fluid shear stress and atherosclerosis,26/139,0.0042143694175158,0.021352805048747,0,0,1.8894790418178533,10.334043269568983,BMPR2;NCF2;SDC2;PDGFB;PIK3R3;PIK3R1;CDH5;THBD;AKT3;KDR;MAP2K5;MEF2A;GSTM3;MEF2C;JUN;EDN1;CAV2;DUSP1;CAV1;FOS;SELE;KLF2;BMP4;PECAM1;CALM1;GSTM5
KEGG_2021_Human,Viral myocarditis,14/60,0.0044537263454577,0.0221956198199861,0,0,2.494866035616878,13.50724002469812,LAMA2;CAV1;PRF1;ITGAL;HLA-E;SGCD;CCND1;SGCA;SGCB;DMD;FYN;HLA-DOA;SGCG;HLA-DPA1
KEGG_2021_Human,Hepatocellular carcinoma,30/168,0.0045455654718624,0.0222879339265515,0,0,1.786002909326006,9.632990904862814,GSK3B;SHC3;WNT2B;PTEN;PIK3R3;PIK3R1;CCND1;AKT3;WNT2;FZD1;SMARCE1;GSTM3;TCF7L2;TGFB2;TCF7L1;TGFB1;GADD45B;PRKCB;FZD4;HGF;FZD7;IGF2;GAB1;FZD8;AXIN2;SMARCA2;TGFBR2;CDK6;APC;GSTM5
KEGG_2021_Human,JAK-STAT signaling pathway,29/162,0.0050262393847593,0.0238956447962861,0,0,1.791048685345505,9.480169727767148,CSF3;CSF3R;FHL1;IL20RA;PDGFB;PIK3R3;PIK3R1;SOCS2;GHR;SOCS3;CCND2;CCND1;AKT3;LEPR;AOX1;JAK2;PDGFRB;PDGFRA;TSLP;IL11RA;LIFR;EPOR;PIAS1;IL6;IL3RA;IL6ST;IL7R;IL17D;STAM2
KEGG_2021_Human,AMPK signaling pathway,23/120,0.0050371284254374,0.0238956447962861,0,0,1.9462188966827905,10.297286764631702,RAB2A;PFKFB2;CAB39L;SCD5;PIK3R3;PIK3R1;FOXO3;ACACB;ADIPOR2;FOXO1;PPP2CA;TBC1D1;CCND1;RAB14;SCD;AKT3;LEPR;PPARG;CD36;PPARGC1A;FBP1;CFTR;CREB5
KEGG_2021_Human,Phospholipase D signaling pathway,27/148,0.0051092661571006,0.0238956447962861,0,0,1.8324442484324368,9.669257638958069,PTGFR;DGKE;SHC3;PDGFB;ADCY4;PIK3R3;PIK3R1;RRAS;AKT3;CXCR2;FCER1A;PIP5K1B;FYN;PDGFRB;PDGFRA;FCER1G;F2R;PLA2G4C;GAB1;GAB2;DNM3;ADCY9;MRAS;PLCB4;AGTR1;MS4A2;RAPGEF4
KEGG_2021_Human,Gastric cancer,27/149,0.0056074775129712,0.0258283812718675,0,0,1.8173215168688903,9.420366498576694,GSK3B;ABCB1;SHC3;WNT2B;PIK3R3;PIK3R1;FGF2;FGF7;CCND1;AKT3;WNT2;FZD1;TCF7L2;TGFB2;CDKN2B;TCF7L1;TGFB1;GADD45B;FZD4;HGF;FZD7;GAB1;FZD8;AXIN2;TGFBR2;APC;FGFR2
KEGG_2021_Human,Gastric acid secretion,16/76,0.0071541429174077,0.0319832271601759,0,0,2.18627269929209,10.800326314967323,PRKCB;ADCY4;KCNJ15;KCNJ16;ATP1A2;GNAI1;MYLK;GNAI2;ADCY9;PLCB4;CA2;GNAQ;PRKACA;CALM1;CFTR;KCNJ2
KEGG_2021_Human,Pertussis,16/76,0.0071541429174077,0.0319832271601759,0,0,2.18627269929209,10.800326314967323,C1QB;C1QA;JUN;C4BPA;FOS;GNAI1;C2;GNAI2;IL6;CFL2;CASP1;SERPING1;ITGA5;SFTPA1;CALM1;TLR4
KEGG_2021_Human,Phagosome,27/152,0.0073503877090067,0.0323843168628702,0,0,1.7734051044083528,8.712743210703735,COLEC12;DYNC1I2;STX12;TFRC;NCF2;MRC2;TUBB6;FCGR3A;FCGR3B;LAMP2;TUBB1;MRC1;ATP6V0A2;OLR1;CD36;NOS1;HLA-DOA;HLA-DPA1;DYNC2H1;MSR1;SFTPD;HLA-E;MARCO;PIK3C3;ITGA5;SFTPA1;TLR4
KEGG_2021_Human,GnRH secretion,14/64,0.0081284448876556,0.0351030649385146,0,0,2.294760147601476,11.043270814721062,KCNJ5;PRKCB;TRPC1;PIK3R3;ARRB1;CACNA1D;CACNA1C;PIK3R1;PLCB4;GPER1;GNA11;GNAQ;AKT3;KCNN2
KEGG_2021_Human,Cytokine-cytokine receptor interaction,46/295,0.0081984131928767,0.0351030649385146,0,0,1.5195125069566655,7.299456451656232,ACVRL1;CCL14;CX3CR1;CSF3;CSF3R;BMPR2;IL20RA;CXCL3;CXCL2;CX3CL1;GHR;IL1RL1;CXCR2;TNFSF10;LEPR;CCL15;GDF10;IL33;CCL23;TGFB2;TGFB1;TSLP;CCL21;IL11RA;TNFSF12;TNFRSF19;LIFR;PPBP;BMP6;EPOR;BMP5;TGFBR2;BMP4;BMP2;IL6;CD4;CXCL12;IL3RA;ACKR4;FAS;XCL1;IL17D;IL6ST;IL7R;IL18R1;PF4
KEGG_2021_Human,TNF signaling pathway,21/112,0.0091995897561074,0.0384303405893109,0,0,1.8930338518492151,8.875671679477186,JUN;EDN1;JAG1;DAB2IP;PIK3R3;VEGFC;PIK3R1;FOS;CFLAR;CXCL3;PTGS2;SELE;CXCL2;CX3CL1;SOCS3;IL6;AKT3;FAS;JUNB;IL18R1;CREB5
KEGG_2021_Human,Renin-angiotensin system,7/23,0.0092283383651963,0.0384303405893109,0,0,3.580862068965517,16.778044257847675,CPA3;ENPEP;ACE;MME;AGTR1;CTSG;AGTR2
KEGG_2021_Human,Melanoma,15/72,0.0099606701468242,0.0409195097923589,0,0,2.15687465086343,9.941274518943406,PDGFRB;PDGFRA;GADD45B;HGF;PTEN;PDGFB;PIK3R3;MITF;PIK3R1;FGF2;FGF7;CDK6;CCND1;AKT3;FGFR1
KEGG_2021_Human,Salivary secretion,18/93,0.0110107154231888,0.0444401718951294,0,0,1.967800369685767,8.8725882282884,GUCY1A2;PRKCB;ADCY4;ADRB1;ATP1A2;ADRB2;LYZ;BST1;ADCY9;PLCB4;DMBT1;GNAQ;NOS1;PRKACA;CALM1;CAMP;PRKG1;VAMP2
KEGG_2021_Human,Viral protein interaction with cytokine and cytokine receptor,19/100,0.0111543031543418,0.0444401718951294,0,0,1.9235001683761124,8.647921962751704,CCL14;CX3CR1;CCL23;CCL21;IL20RA;PPBP;CXCL3;CXCL2;CX3CL1;IL6;CXCL12;CXCR2;TNFSF10;ACKR4;XCL1;IL6ST;IL18R1;CCL15;PF4
KEGG_2021_Human,Chemical carcinogenesis,38/239,0.0112562277497531,0.0444401718951294,0,0,1.5534408182965769,6.970030654479678,ADCY4;PIK3R3;ADRB1;CACNA1D;ARRB1;PIK3R1;ADRB2;CACNA1C;PTGS2;FGF2;CYP3A5;DLL1;GNAI1;GNAI2;HSD11B1;SULT1A1;FGF7;HPGDS;CCND1;RPS6KA2;AKT3;PRKACA;JAK2;SULT1A2;PAQR8;GSTM3;JUN;JAG1;PAQR5;PRKCB;EPHX2;FOS;KLF4;AR;ADCY9;PGR;GSTM5;CREB5
KEGG_2021_Human,Insulin resistance,20/108,0.0123975088203167,0.0483184959150804,0,0,1.863804558069128,8.18258609241827,GSK3B;PTPN1;PRKCB;PRKCE;PTEN;PIK3R3;PIK3R1;ACACB;FOXO1;SOCS3;IL6;PPP1R3C;RPS6KA2;AKT3;PRKCQ;CD36;SLC27A3;PPARGC1A;PPARGC1B;CREB5
KEGG_2021_Human,Tyrosine metabolism,9/36,0.0132026505805097,0.0507714364619111,0,0,2.7290995551464947,11.80973530469103,AOC3;ADH1C;MAOB;ADH1B;MAOA;ADH1A;ALDH3B1;TYRP1;AOX1
KEGG_2021_Human,Human T-cell leukemia virus 1 infection,35/219,0.013480239526016,0.0507714364619111,0,0,1.5623164779976104,6.72816341420359,NRP1;SPI1;ADCY4;PTEN;PIK3R3;PIK3R1;ITGAL;ETS1;ETS2;ZFP36;CCND2;CCND1;AKT3;MSX1;PRKACA;HLA-DOA;HLA-DPA1;EGR1;MAP3K3;EGR2;JUN;CDKN2B;TGFB2;TGFB1;NFYB;NFATC3;FOS;HLA-E;TGFBR2;KAT2B;IL6;CD4;ADCY9;TLN1;CREB5
KEGG_2021_Human,Staphylococcus aureus infection,18/95,0.0136367805649861,0.0507714364619111,0,0,1.9164726216482224,8.231220556107724,C1QB;CFD;C1QA;SELPLG;CFH;C5AR1;FPR1;FPR2;DEFA1;ITGAL;C2;SELP;FCGR3A;FCGR3B;MASP1;HLA-DOA;CAMP;HLA-DPA1
KEGG_2021_Human,Longevity regulating pathway,19/102,0.0136949269403839,0.0507714364619111,0,0,1.8769391017607184,8.053438557444515,KL;ADCY4;PIK3R3;PIK3R1;HSPA2;FOXO3;ADIPOR2;FOXO1;ADCY9;SESN1;AKT3;CAT;EIF4EBP2;PPARG;PRKACA;PPARGC1A;CRYAB;CREB5;FOXA2
KEGG_2021_Human,Cocaine addiction,11/49,0.0147856415351796,0.0541546388758386,0,0,2.3707241387670006,9.990465595800716,JUN;MAOB;MAOA;BDNF;FOSB;PRKACA;RGS9;SLC18A2;GNAI1;CREB5;GNAI2
KEGG_2021_Human,GABAergic synapse,17/89,0.0150182608021947,0.0543518009984189,0,0,1.9353477033615605,8.125534943457643,GABRB2;GABARAPL1;PRKCB;PLCL1;SLC6A13;ADCY4;CACNA1D;CACNA1C;GNG12;GNG11;GNAI1;GNAI2;ADCY9;GNG2;GNG7;PRKACA;SLC38A5
KEGG_2021_Human,African trypanosomiasis,9/37,0.0158003075453585,0.0558522499277789,0,0,2.6314837946223126,10.914673422604924,IL6;PLCB4;PRKCB;LAMA4;GNAQ;HBB;FAS;HBA1;SELE
KEGG_2021_Human,Aldosterone-regulated sodium reabsorption,9/37,0.0158003075453585,0.0558522499277789,0,0,2.6314837946223126,10.914673422604924,SLC9A3R2;SCNN1G;PRKCB;SCNN1B;NEDD4L;PIK3R3;ATP1A2;PIK3R1;NR3C2
KEGG_2021_Human,Hedgehog signaling pathway,12/56,0.0160838078338284,0.0562008917411936,0,0,2.2338500209467957,9.22567155414826,GSK3B;CCND2;CCND1;HHIP;GPR161;CUL3;PTCH1;GAS1;ARRB1;PRKACA;CDON;DISP1
KEGG_2021_Human,Fc gamma R-mediated phagocytosis,18/97,0.0167311082770806,0.0571489541149721,0,0,1.8677437469290343,7.639978754280559,ACTR3;GSN;MYO10;PRKCB;PRKCE;PLA2G4C;ASAP3;PIK3R3;PIK3R1;GAB2;HCK;FCGR3A;FCGR3B;CFL2;AKT3;PIP5K1B;WASF2;WASF3
KEGG_2021_Human,Prostate cancer,18/97,0.0167311082770806,0.0571489541149721,0,0,1.8677437469290343,7.639978754280559,PDGFRB;PDGFRA;GSK3B;TCF7L2;TCF7L1;PDGFB;PTEN;PIK3R3;PIK3R1;FOXO1;ETV5;AR;CCND1;AKT3;ERG;FGFR2;FGFR1;CREB5
KEGG_2021_Human,Synthesis and degradation of ketone bodies,4/10,0.017274046347353,0.0583478898843924,0,0,5.452096724823997,22.12760778983925,BDH2;HMGCS1;HMGCS2;HMGCLL1
KEGG_2021_Human,Choline metabolism in cancer,18/98,0.0184697574418832,0.0617011677179396,0,0,1.8442929759704247,7.361717867414706,PDGFRB;SLC22A4;PDGFRA;DGKE;JUN;SLC44A1;PRKCB;SLC44A2;PLA2G4C;PDGFB;PIK3R3;PIK3R1;FOS;AKT3;PIP5K1B;CHPT1;WASF2;WASF3
KEGG_2021_Human,Endometrial cancer,12/58,0.0209769185322022,0.0687306275653471,0,0,2.1364856742135845,8.256091161771103,GSK3B;TCF7L2;TCF7L1;CCND1;GADD45B;APC;AKT3;PTEN;PIK3R3;AXIN2;PIK3R1;FOXO3
KEGG_2021_Human,Glycosphingolipid biosynthesis,10/45,0.02102614593282,0.0687306275653471,0,0,2.3392528282031044,9.034167687816884,B3GALNT1;ST8SIA1;B3GALT2;B3GNT2;ST3GAL6;ST6GALNAC3;FUT1;ST3GAL1;ST6GALNAC5;ST6GALNAC6
KEGG_2021_Human,Glutamatergic synapse,20/114,0.0216628044867902,0.0700584315317473,0,0,1.7442478398645855,6.684234304426388,GRIA1;PRKCB;TRPC1;SLC1A1;PLA2G4C;ADCY4;CACNA1D;CACNA1C;GNG12;GNG11;GNAI1;GNAI2;ADCY9;PLCB4;GNG2;GNAQ;GNG7;PRKACA;SHANK3;SHANK2
KEGG_2021_Human,Rheumatoid arthritis,17/93,0.0225747540776144,0.0710248855615757,0,0,1.8330740245533,6.949042614764916,JUN;TGFB2;FLT1;TGFB1;ANGPT1;FOS;CXCL3;ITGAL;CXCL2;IL6;CXCL12;ATP6V0A2;ACP5;TEK;HLA-DOA;TLR4;HLA-DPA1
KEGG_2021_Human,Colorectal cancer,16/86,0.0226625457219501,0.0710248855615757,0,0,1.8728927582113175,7.092722947606588,GSK3B;TCF7L2;JUN;TCF7L1;TGFB2;TGFB1;GADD45B;DCC;PIK3R3;AXIN2;FOS;PIK3R1;TGFBR2;CCND1;APC;AKT3
KEGG_2021_Human,Insulin secretion,16/86,0.0226625457219501,0.0710248855615757,0,0,1.8728927582113175,7.092722947606588,PRKCB;ADCY4;ATP1A2;CACNA1D;CACNA1C;ADCY9;PLCB4;GNA11;KCNMB1;GNAQ;KCNMB4;KCNN2;PRKACA;VAMP2;CREB5;RAPGEF4
KEGG_2021_Human,Endocrine and other factor-regulated calcium reabsorption,11/53,0.0258744170444398,0.0802634977705071,0,0,2.1444583360751026,7.836924184365761,DNM3;KL;ADCY9;PLCB4;PRKCB;GNAQ;ATP1A2;PTH1R;PRKACA;SLC8A1;RAB11A
KEGG_2021_Human,Long-term depression,12/60,0.026894321302074,0.0825845825841466,0,0,2.047235023041474,7.402474528663859,GRIA1;PPP2CA;GUCY1A2;PLCB4;PRKCB;GNA11;GNAQ;PLA2G4C;NOS1;PRKG1;GNAI1;GNAI2
KEGG_2021_Human,PPAR signaling pathway,14/74,0.0277729582891628,0.0844297931990551,0,0,1.9112238622386224,6.849238535110464,HMGCS1;SCD5;LPL;ACSL4;SORBS1;CYP27A1;FABP4;ACADL;FABP5;SCD;OLR1;PPARG;CD36;HMGCS2
KEGG_2021_Human,Human cytomegalovirus infection,34/225,0.0312463876620209,0.0940485331609343,0,0,1.4607963575029006,5.062903253122498,PTGER4;GSK3B;PXN;ADCY4;PIK3R3;PIK3R1;PTGS2;CX3CL1;GNAI1;GNAI2;AKAP13;GNG2;CCND1;GNA11;GNG7;AKT3;CXCR2;PRKACA;PDGFRA;ARHGEF12;PRKCB;NFATC3;GNG12;GNG11;HLA-E;IL6;ADCY9;PLCB4;CDK6;CXCL12;GNAQ;FAS;CALM1;CREB5
KEGG_2021_Human,Sphingolipid signaling pathway,20/119,0.0328376728436952,0.097869142592974,0,0,1.6556873078612209,5.6561239805105386,FCER1G;PRKCB;PRKCE;PTEN;PIK3R3;PIK3R1;GAB2;SGMS2;GNAI1;GNAI2;PPP2CA;PLCB4;SPTLC3;GNAQ;AKT3;S1PR1;FCER1A;FYN;MS4A2;S1PR5
KEGG_2021_Human,Toxoplasmosis,19/112,0.0338432347434338,0.099025657614138,0,0,1.6741731665001318,5.668777395516344,TGFB2;TGFB1;LAMA2;LAMC3;LAMB2;LAMA4;LAMA3;LAMB1;HSPA2;GNAI1;GNAI2;ALOX5;AKT3;ITGA6;HLA-DOA;JAK2;TLR4;LDLR;HLA-DPA1
KEGG_2021_Human,Amphetamine addiction,13/69,0.0342029409522516,0.099025657614138,0,0,1.90102417177106,6.416799961221097,GRIA1;JUN;MAOB;PRKCB;MAOA;CACNA1D;FOS;CACNA1C;FOSB;PRKACA;CALM1;SLC18A2;CREB5
KEGG_2021_Human,Renal cell carcinoma,13/69,0.0342029409522516,0.099025657614138,0,0,1.90102417177106,6.416799961221097,ARNT2;JUN;TGFB2;TGFB1;EPAS1;HGF;GAB1;PDGFB;PIK3R3;PIK3R1;ETS1;RAP1A;AKT3
KEGG_2021_Human,Bacterial invasion of epithelial cells,14/77,0.0376939239393216,0.1068589808665125,0,0,1.8199056990569904,5.966117443881853,ACTR3;SHC3;ARHGEF26;CAV2;CAV1;PXN;GAB1;PIK3R3;PIK3R1;DNM3;ELMO1;ITGA5;WASF2;VCL
KEGG_2021_Human,Leishmaniasis,14/77,0.0376939239393216,0.1068589808665125,0,0,1.8199056990569904,5.966117443881853,JUN;TGFB2;TGFB1;NCF2;PRKCB;FOS;PTGS2;EEF1A1;FCGR3A;FCGR3B;HLA-DOA;JAK2;TLR4;HLA-DPA1
KEGG_2021_Human,Prolactin signaling pathway,13/70,0.0379630589920505,0.1068589808665125,0,0,1.8675677205923984,6.109078692983444,GSK3B;SHC3;PIK3R3;FOS;PIK3R1;FOXO3;SOCS2;SOCS3;CCND2;CCND1;ELF5;AKT3;JAK2
KEGG_2021_Human,Thyroid hormone signaling pathway,20/121,0.0383417668054787,0.1069348358611516,0,0,1.6227182385213546,5.292033806467595,PFKFB2;GSK3B;THRB;THRA;PRKCB;NOTCH4;PIK3R3;ATP1A2;PIK3R1;FOXO1;BMP4;RCAN1;KAT2B;PLCB4;PLN;CCND1;RCAN2;AKT3;PLCE1;PRKACA
KEGG_2021_Human,Yersinia infection,22/137,0.0411330990127694,0.1128949646794472,0,0,1.5678985507246377,5.00307357682963,ACTR3;GSK3B;JUN;ARHGEF12;ARHGEF28;PXN;NFATC3;PIK3R3;PIK3R1;FOS;NLRC4;IL6;CD4;RPS6KA2;GNAQ;AKT3;ELMO1;CASP1;PIP5K1B;ITGA5;TLR4;WASF2
KEGG_2021_Human,Cholesterol metabolism,10/50,0.0412215167086139,0.1128949646794472,0,0,2.0462707182320443,6.52513764820773,CYP27A1;LRP1;VAPA;SORT1;VAPB;APOH;PCSK9;LPL;CD36;LDLR
KEGG_2021_Human,Transcriptional misregulation in cancer,29/192,0.0441025766437732,0.1197069937473846,0,0,1.458928759698979,4.553662528632528,CEBPA;SPI1;FLT1;HPGD;FOXO1;HHEX;CCND2;TSPAN7;RUNX1T1;ARNT2;MEF2C;GADD45B;ZBTB16;LMO2;MITF;ETV1;DEFA1;FLI1;PBX1;ETV5;TGFBR2;IL6;MEIS1;NR4A3;ID2;PPARG;ERG;NUPR1;CDK14
KEGG_2021_Human,Vasopressin-regulated water reabsorption,9/44,0.0452274917690993,0.1216739601575769,0,0,2.1043586877917297,6.515200035321577,DYNC2H1;DYNC1I2;ADCY9;ARHGDIA;AQP4;PRKACA;RAB11A;VAMP2;CREB5
KEGG_2021_Human,FoxO signaling pathway,21/131,0.0459316711655569,0.1224844564414852,0,0,1.5643767616002693,4.819219671672856,GABARAPL1;TGFB2;CDKN2B;TGFB1;GADD45B;PTEN;PIK3R3;FOXO4;PIK3R1;FOXO3;FOXO1;KLF2;TGFBR2;IL6;CCND2;CCND1;AKT3;CAT;TNFSF10;S1PR1;IL7R
KEGG_2021_Human,Cardiac muscle contraction,15/87,0.0486767336440718,0.128675887198242,0,0,1.7060836794339331,5.156730240063836,COX7B;TPM4;UQCRB;CACNA2D1;TNNC1;TPM2;COX4I2;CACNA2D2;ATP1A2;CACNA1D;CACNA1C;COX7A1;SLC8A1;TNNT2;CASQ2
KEGG_2021_Human,Pancreatic secretion,17/102,0.0496680655897023,0.1301645856833579,0,0,1.6381524249422632,4.918377530622519,CPA3;CPB2;PRKCB;PLA2G1B;TRPC1;ADCY4;ATP1A2;PLA2G5;SLC4A4;RAB11A;BST1;ADCY9;RAP1A;PLCB4;CA2;GNAQ;CFTR
KEGG_2021_Human,ABC transporters,9/45,0.0512778330214606,0.1332347114403762,0,0,2.0457892314772206,6.0770102122138,ABCB1;ABCA6;ABCA3;ABCA9;ABCC9;ABCA8;ABCG1;CFTR;ABCG2
KEGG_2021_Human,Notch signaling pathway,11/59,0.0522144972563359,0.1345187047959841,0,0,1.8757676953784737,5.538007347762147,TLE4;KAT2B;HEYL;APH1B;JAG1;MAML2;HEY1;MFNG;NOTCH4;HEY2;DLL1
KEGG_2021_Human,Endocytosis,36/252,0.0557366389087406,0.1423860355315727,0,0,1.36703945324635,3.946803608212719,SH3GL3;TFRC;ASAP3;NEDD4L;ARRB1;SNX1;RAB11FIP1;SNX2;GRK5;CXCR2;MVB12B;PIP5K1B;LDLR;SH3GL2;ACTR3;PDGFRA;PDCD6IP;IQSEC1;CAV2;CAV1;ARAP2;ARAP3;HSPA2;RAB11A;HLA-E;TGFBR2;EHD1;DNM3;EHD2;DAB2;NEDD4;FOLR3;FGFR4;STAM2;FOLR1;FGFR2
KEGG_2021_Human,Neurotrophin signaling pathway,19/119,0.0574091358903498,0.1454364775888863,0,0,1.556366158113731,4.44739695777202,GSK3B;MAP3K3;NTRK2;JUN;SHC3;BDNF;SORT1;GAB1;PIK3R3;IRAK3;PIK3R1;FOXO3;RAP1A;ARHGDIA;RPS6KA2;AKT3;CALM1;SH2B3;MAP2K5
KEGG_2021_Human,C-type lectin receptor signaling pathway,17/104,0.0579291877010892,0.1455410996787697,0,0,1.6003132383000185,4.558546535599398,EGR2;JUN;EGR3;ARHGEF12;FCER1G;NFATC3;PIK3R3;PIK3R1;PTGS2;IL6;MRAS;RRAS;AKT3;CASP1;CLEC4E;CALM1;IL17D
KEGG_2021_Human,Glioma,13/75,0.0611895664460846,0.1524723622918831,0,0,1.7164740701081218,4.795448502045455,PDGFRB;PDGFRA;SHC3;GADD45B;PRKCB;PTEN;PDGFB;PIK3R3;PIK3R1;CDK6;CCND1;AKT3;CALM1
KEGG_2021_Human,Bile secretion,15/90,0.0624370950155419,0.1543160722335346,0,0,1.6375634517766495,4.541938962787779,ABCB1;AQP9;ADCY4;AQP4;ATP1A2;SLC51B;SLC4A4;AQP1;ADCY9;CA2;KCNN2;PRKACA;LDLR;CFTR;ABCG2
KEGG_2021_Human,Carbohydrate digestion and absorption,9/47,0.0649083212740204,0.1591300779621145,0,0,1.9378981277399665,5.29972396941407,HK3;MGAM;PLCB4;PRKCB;AKT3;PIK3R3;ATP1A2;CACNA1D;PIK3R1
KEGG_2021_Human,GnRH signaling pathway,15/93,0.0786078871467909,0.1911743815409955,0,0,1.5743140108622342,4.003926437067139,EGR1;MAP3K3;JUN;PRKCB;PLA2G4C;ADCY4;CACNA1D;CACNA1C;ADCY9;PLCB4;GNA11;GNAQ;PRKACA;CALM1;HBEGF
KEGG_2021_Human,Retrograde endocannabinoid signaling,22/148,0.0824415944146453,0.1983752313332714,0,0,1.4301293356848912,3.569123990031313,GRIA1;GABRB2;KCNJ5;PRKCB;ADCY4;NDUFA4L2;ABHD6;CACNA1D;CACNA1C;GNG12;PTGS2;GNG11;GNAI1;GNAI2;ADCY9;PLCB4;GNG2;CNR1;GNAQ;GNG7;PRKACA;MGLL
KEGG_2021_Human,Cellular senescence,23/156,0.0828738630898864,0.1983752313332714,0,0,1.4165392638613672,3.527799739193358,TGFB2;CDKN2B;TGFB1;GADD45B;NFATC3;PTEN;PIK3R3;CACNA1D;PIK3R1;FOXO3;ETS1;FOXO1;ZFP36L2;HLA-E;TGFBR2;IL6;CCND2;CDK6;MRAS;CCND1;RRAS;AKT3;CALM1
KEGG_2021_Human,Histidine metabolism,5/22,0.0839243116547271,0.1993202401799769,0,0,2.4049555513523737,5.959094914398551,MAOB;ALDH2;MAOA;ALDH3B1;ASPA
KEGG_2021_Human,Pathogenic Escherichia coli infection,28/197,0.0872993992459027,0.2057288168275538,0,0,1.3575184190140264,3.310188792699801,CLDN22;TUBB6;TUBB1;TNFSF10;CASP1;MYH14;MYH11;FYN;MYH10;WASF2;WASF3;NCK1;ACTR3;JUN;ARHGEF12;MYO10;F2R;FOS;CLDN11;TJP1;CLDN5;IL6;MYO1B;MYO1C;MYO5B;CLDN18;FAS;TLR4
KEGG_2021_Human,Fatty acid degradation,8/43,0.0906681007943589,0.2120238664729624,0,0,1.8696806413457747,4.488261272566276,ACAA2;ADH1C;ACADL;ALDH2;CYP2U1;ADH1B;ADH1A;ACSL4
KEGG_2021_Human,Proximal tubule bicarbonate reclamation,5/23,0.0980507193467941,0.2275375471864535,0,0,2.271219313019956,5.274385359450841,CA2;CA4;ATP1A2;SLC4A4;AQP1
KEGG_2021_Human,Lysosome,19/128,0.101883866422007,0.2346416317597738,0,0,1.4271335683110868,3.259461295273037,NAPSA;DNASE2B;SORT1;SLC11A1;CTSW;GGA2;GALC;CTSO;HYAL1;LAMP3;HYAL2;LAMP2;AP1S2;ATP6V0A2;ACP5;CTSH;CTSG;CTSF;AP1M1
KEGG_2021_Human,Phenylalanine metabolism,4/17,0.1061071149720589,0.2425305485075632,0,0,2.5153634244543337,5.642730306210443,AOC3;MAOB;MAOA;ALDH3B1
KEGG_2021_Human,Estrogen signaling pathway,20/137,0.1081448580237685,0.2435261988090788,0,0,1.3995429999130278,3.1129806437660035,KCNJ5;JUN;SHC3;ADCY4;PIK3R3;PIK3R1;HSPA2;FOS;GNAI1;GNAI2;ADCY9;PLCB4;GNAQ;GPER1;AKT3;PGR;PRKACA;CALM1;CREB5;HBEGF
KEGG_2021_Human,Insulin signaling pathway,20/137,0.1081448580237685,0.2435261988090788,0,0,1.3995429999130278,3.1129806437660035,GSK3B;PTPN1;SHC3;PDE3B;PIK3R3;PIK3R1;SORBS1;ACACB;FOXO1;SOCS2;SOCS3;HK3;INPP5A;PPP1R3C;AKT3;MKNK2;PRKACA;CALM1;PPARGC1A;FBP1
KEGG_2021_Human,Inflammatory mediator regulation of TRP channels,15/98,0.1111265921808194,0.2484006178159492,0,0,1.4790588287622108,3.2496183475219382,PTGER4;PRKCH;PRKCB;PRKCE;PLA2G4C;TRPV2;ADCY4;PIK3R3;PIK3R1;ADCY9;PLCB4;GNAQ;PRKCQ;PRKACA;CALM1
KEGG_2021_Human,Fc epsilon RI signaling pathway,11/68,0.1178762392263,0.2615647936116438,0,0,1.5787938293453578,3.3756507019159536,FCER1G;ALOX5;AKT3;PLA2G4C;ALOX5AP;FCER1A;PIK3R3;FYN;GAB2;PIK3R1;MS4A2
KEGG_2021_Human,Type II diabetes mellitus,8/46,0.1227569366453821,0.2704210778275084,0,0,1.7217837602285382,3.611525810604228,SOCS2;HK3;SOCS3;PRKCE;PIK3R3;CACNA1D;CACNA1C;PIK3R1
KEGG_2021_Human,Lipid and atherosclerosis,29/215,0.1346663249770716,0.2945220344822287,0,0,1.2768579975927563,2.560043116399227,GSK3B;NCF2;PIK3R3;PIK3R1;VLDLR;CXCL3;AGER;CXCL2;RAP1A;AKT3;TNFSF10;CASP1;OLR1;CD36;JAK2;LDLR;JUN;NFATC3;FOS;HSPA2;SELE;SELP;IL6;PLCB4;FAS;PPARG;CALM1;TLR4;ABCG1
KEGG_2021_Human,Inflammatory bowel disease,10/65,0.1667586160493233,0.359749543780863,0,0,1.48694123556002,2.6634209252344587,JUN;TGFB2;IL6;TGFB1;RORA;GATA3;HLA-DOA;TLR4;IL18R1;HLA-DPA1
KEGG_2021_Human,Graft-versus-host disease,7/42,0.1682396123335713,0.359749543780863,0,0,1.6352183908045976,2.9145577471093693,IL6;PRF1;FAS;KLRD1;HLA-DOA;HLA-DPA1;HLA-E
KEGG_2021_Human,Phosphatidylinositol signaling system,14/97,0.1689275353068074,0.359749543780863,0,0,1.379818165651536,2.4537105554545517,DGKE;PRKCB;PTEN;PIK3R3;PIK3R1;MTMR6;ITPKB;INPP5A;PLCB4;PLCE1;PIP5K1B;PIK3C3;CALM1;CDS2
KEGG_2021_Human,PD-L1 expression and PD-1 checkpoint pathway in cancer,13/89,0.1692242919758665,0.359749543780863,0,0,1.3991774040911409,2.485681014990814,CD274;MAP3K3;JUN;PTEN;NFATC3;PIK3R3;FOS;PIK3R1;CD4;AKT3;PRKCQ;JAK2;TLR4
KEGG_2021_Human,Coronavirus disease,30/232,0.1857669365392667,0.3902828492305235,0,0,1.2157238028635575,2.0463821908553204,CFD;C1QB;NRP1;C1QA;CSF3;C5AR1;PIK3R3;PIK3R1;C8B;C2;C6;C7;CASP1;RPL15;JUN;ACE;VWF;PRKCB;FOS;SELP;IL6;AGTR1;TLR8;RPS20;MASP1;IL6ST;TLR4;TLR3;RPS23;HBEGF
KEGG_2021_Human,Th17 cell differentiation,15/107,0.1869556218092513,0.3902828492305235,0,0,1.333691137818262,2.2364453390445336,JUN;TGFB1;NFATC3;RORA;GATA3;FOS;TGFBR2;IL6;CD4;PRKCQ;HLA-DOA;IL6ST;JAK2;IL17D;HLA-DPA1
KEGG_2021_Human,Ovarian steroidogenesis,8/51,0.1874384736436067,0.3902828492305235,0,0,1.521148456387326,2.5468659003876213,ADCY9;ALOX5;PLA2G4C;ADCY4;PRKACA;PTGS2;LDLR;BMP6
KEGG_2021_Human,Acute myeloid leukemia,10/67,0.1908198095515248,0.3946205585283234,0,0,1.434606313204743,2.376318769030552,CEBPA;TCF7L2;TCF7L1;SPI1;CCND1;ZBTB16;AKT3;PIK3R3;PIK3R1;RUNX1T1
KEGG_2021_Human,Mucin type O-glycan biosynthesis,6/36,0.1935533949495698,0.3975691355720893,0,0,1.6349264705882354,2.684879293719238,GALNT5;GALNT13;ST6GALNAC2;GALNT18;ST6GALNAC3;ST3GAL1
KEGG_2021_Human,Chronic myeloid leukemia,11/76,0.2028713135980205,0.412216477217484,0,0,1.3838571377954152,2.2075059675573163,TGFB2;SHC3;TGFB1;CDK6;CCND1;GADD45B;AKT3;PIK3R3;GAB2;PIK3R1;TGFBR2
KEGG_2021_Human,Retinol metabolism,10/68,0.2033962881007322,0.412216477217484,0,0,1.4097923413983615,2.2452339362677067,CYP26B1;ADH1C;ADH1B;ALDH1A2;ADH1A;ALDH1A1;AOX1;PNPLA4;HSD17B6;CYP3A5
KEGG_2021_Human,Thyroid cancer,6/37,0.2112593685257786,0.4253168743830245,0,0,1.5820979601518026,2.4596381246797856,TCF7L2;TCF7L1;CCND1;GADD45B;TPR;PPARG
KEGG_2021_Human,Adipocytokine signaling pathway,10/69,0.2163116942964316,0.4326233885928633,0,0,1.3858195211786373,2.1217380275159705,SOCS3;AKT3;LEPR;ACSL4;PRKCQ;CD36;JAK2;ACACB;ADIPOR2;PPARGC1A
KEGG_2021_Human,Thiamine metabolism,3/15,0.2200761170264258,0.4372754220655782,0,0,2.04290959155576,3.0925193709704653,TPK1;AK1;ALPL
KEGG_2021_Human,Autophagy,18/137,0.2356893417430705,0.4652568824019054,0,0,1.2371347799748365,1.7879575226016364,GABARAPL1;DAPK1;DAPK2;DAPK3;PTEN;PIK3R3;PIK3R1;HMGB1;CFLAR;PPP2CA;MRAS;RRAS;AKT3;LAMP2;ULK2;PRKCQ;PIK3C3;PRKACA
KEGG_2021_Human,Neutrophil extracellular trap formation,24/189,0.2446120015908367,0.4781135817317127,0,0,1.1898559272053248,1.6754147026726496,SELPLG;VWF;NCF2;PRKCB;AQP9;C5AR1;FPR1;PIK3R3;FPR2;PIK3R1;HMGB1;ITGAL;AGER;SELP;FCGR3A;FCGR3B;PLCB4;CLCN4;AKT3;CASP1;TLR8;CTSG;TLR4;CAMP
KEGG_2021_Human,Asthma,5/31,0.2453477590465368,0.4781135817317127,0,0,1.5716759125119253,2.208328269686228,FCER1G;FCER1A;HLA-DOA;MS4A2;HLA-DPA1
KEGG_2021_Human,Natural killer cell mediated cytotoxicity,17/131,0.2601109053699456,0.5036542371494488,0,0,1.2194319517037395,1.6421445987221803,SHC3;FCER1G;PRKCB;ICAM2;PRF1;SH2D1B;PIK3R3;PIK3R1;ITGAL;HLA-E;FCGR3A;TYROBP;FCGR3B;TNFSF10;FAS;KLRD1;FYN
KEGG_2021_Human,Legionellosis,8/57,0.2796777306847588,0.5379931381717487,0,0,1.3344347858738712,1.7002264470953108,EEF1A1;IL6;CASP1;NLRC4;HSPA2;CXCL3;CXCL2;TLR4
KEGG_2021_Human,Nitrogen metabolism,3/17,0.2813845689779869,0.5379931381717487,0,0,1.7508686815708383,2.2201592186011005,CA3;CA2;CA4
KEGG_2021_Human,Apoptosis,18/142,0.2854525394078385,0.5423598248748932,0,0,1.1869149126468308,1.48801089476974,JUN;GADD45B;PRF1;DAB2IP;PIK3R3;CTSW;PIK3R1;FOS;CFLAR;PTPN13;CTSO;AKT3;IL3RA;TNFSF10;CTSH;FAS;CTSF;SPTAN1
KEGG_2021_Human,Drug metabolism,14/108,0.2877728448088059,0.5433723280861925,0,0,1.2175944099866531,1.5166159248481312,GSTM3;MAOB;ADH1C;MAOA;ADH1B;ADH1A;FMO2;FMO3;CYP3A5;HPGDS;ALDH3B1;AOX1;CES1;GSTM5
KEGG_2021_Human,Sulfur metabolism,2/10,0.2992810399934059,0.5570295316464784,0,0,2.0424311926605503,2.4639322397582943,SELENBP1;PAPSS2
KEGG_2021_Human,Thyroid hormone synthesis,10/75,0.2997270590271437,0.5570295316464784,0,0,1.2574727298484203,1.5151075424337446,DUOX1;ADCY9;PLCB4;GPX3;PRKCB;GNAQ;ADCY4;ATP1A2;PRKACA;CREB5
KEGG_2021_Human,Th1 and Th2 cell differentiation,12/92,0.3005027736513896,0.5570295316464784,0,0,1.2261290322580645,1.4741728448460494,JUN;CD4;JAG1;MAML2;NFATC3;PRKCQ;FOS;GATA3;HLA-DOA;JAK2;DLL1;HLA-DPA1
KEGG_2021_Human,Long-term potentiation,9/67,0.3061843271489773,0.5614519720460496,0,0,1.2682292079914943,1.501035484519551,GRIA1;PLCB4;RAP1A;PRKCB;RPS6KA2;GNAQ;CACNA1C;PRKACA;CALM1
KEGG_2021_Human,Tryptophan metabolism,6/42,0.306582326840935,0.5614519720460496,0,0,1.3619791666666667,1.6102256882904082,MAOB;ALDH2;MAOA;CAT;AOX1;INMT
KEGG_2021_Human,VEGF signaling pathway,8/59,0.3128404554264958,0.5655518325232333,0,0,1.2819597020040767,1.4897165853235748,PRKCB;AKT3;PLA2G4C;PXN;KDR;PIK3R3;PIK3R1;PTGS2
KEGG_2021_Human,Folate biosynthesis,4/26,0.3137422020585959,0.5655518325232333,0,0,1.4855997996493864,1.7220829875622026,QDPR;MOCS2;ALPL;MOCS1
KEGG_2021_Human,Pancreatic cancer,10/76,0.3144021700540342,0.5655518325232333,0,0,1.238350354372454,1.432873296358136,TGFB2;TGFB1;CDK6;CCND1;GADD45B;AKT3;PIK3R3;PIK3R1;TGFBR2;ARHGEF6
KEGG_2021_Human,Tuberculosis,22/180,0.3186153080124447,0.5681873550511911,0,0,1.1384200656352554,1.3020916689529596,CD74;TGFB2;TGFB1;ARHGEF12;FCER1G;NFYB;MRC2;IL6;FCGR3A;FCGR3B;AKT3;LAMP2;MRC1;ATP6V0A2;PIK3C3;HLA-DOA;CLEC4E;CALM1;JAK2;TLR4;CAMP;HLA-DPA1
KEGG_2021_Human,ErbB signaling pathway,11/85,0.321263505910961,0.5681873550511911,0,0,1.2149339574489275,1.379549735426763,GSK3B;JUN;SHC3;PRKCB;ERBB4;AKT3;GAB1;PIK3R3;PIK3R1;NCK1;HBEGF
KEGG_2021_Human,Mitophagy,9/68,0.3218638563136135,0.5681873550511911,0,0,1.2466635987114587,1.41325105330951,GABARAPL1;JUN;MRAS;RRAS;CITED2;MITF;FOXO3;OPTN;TBC1D15
KEGG_2021_Human,Influenza A,21/172,0.3257534150741093,0.5681873550511911,0,0,1.1369736233225358,1.2752461922038063,IL33;TPSB2;RSAD2;PRKCB;PIK3R3;PIK3R1;RAB11A;SOCS3;IL6;CDK6;NXF3;AKT3;TNFSF10;CASP1;FAS;HLA-DOA;JAK2;TPSAB1;TLR4;TLR3;HLA-DPA1
KEGG_2021_Human,Type I diabetes mellitus,6/43,0.326570328562541,0.5681873550511911,0,0,1.3250943958664547,1.4829263258125984,PTPRN2;PRF1;FAS;HLA-DOA;HLA-DPA1;HLA-E
KEGG_2021_Human,IL-17 signaling pathway,12/94,0.3270815366248633,0.5681873550511911,0,0,1.196088569180623,1.336683746976501,GSK3B;CSF3;JUN;IL6;JUND;FOSB;FOS;CXCL3;PTGS2;IL17D;CXCL2;S100A8
KEGG_2021_Human,Non-alcoholic fatty liver disease,19/155,0.3305218084337781,0.5709013054765258,0,0,1.1420616790405482,1.2643566537453237,GSK3B;CEBPA;JUN;COX7B;TGFB1;UQCRB;COX4I2;NDUFA4L2;PIK3R3;PIK3R1;FOS;ADIPOR2;COX7A1;SOCS3;IL6;AKT3;LEPR;FAS;PPARG
KEGG_2021_Human,Taurine and hypotaurine metabolism,2/11,0.3413757450812454,0.5863176638683538,0,0,1.8153924566768604,1.95113210389018,CDO1;GGT1
KEGG_2021_Human,Central carbon metabolism in cancer,9/70,0.3536533583843969,0.6006179941276909,0,0,1.205653587621555,1.2532022251783652,PDGFRB;HK3;PDGFRA;AKT3;PTEN;PIK3R3;PIK3R1;FGFR2;FGFR1
KEGG_2021_Human,Epithelial cell signaling in Helicobacter pylori infection,9/70,0.3536533583843969,0.6006179941276909,0,0,1.205653587621555,1.2532022251783652,TJP1;JUN;CXCR2;ATP6V0A2;CXCL3;CXCL2;JAM2;HBEGF;JAM3
KEGG_2021_Human,Glycosaminoglycan biosynthesis,7/53,0.3564456420239983,0.6006442847068804,0,0,1.2434182908545728,1.2826773925103074,CSGALNACT1;EXT1;NDST1;CHST7;UST;B3GNT2;ST3GAL1
KEGG_2021_Human,Shigellosis,29/246,0.3576204458287676,0.6006442847068804,0,0,1.092525486888941,1.123425453168772,GSK3B;PXN;PIK3R3;PIK3R1;FOXO4;NLRC4;FOXO3;FOXO1;HK3;AKT3;CASP1;PLCE1;WASF2;CAST;ACTR3;GABARAPL1;JUN;PRKCE;ACTN4;PLCB4;ELMO1;PRKCQ;PIK3C3;ITGA5;TLN1;MYL9;TLR4;CD44;VCL
KEGG_2021_Human,Butanoate metabolism,4/28,0.3655187148986611,0.6105367545560055,0,0,1.3616467707376798,1.3704127769823715,BDH2;HMGCS1;HMGCS2;HMGCLL1
KEGG_2021_Human,Human immunodeficiency virus 1 infection,25/212,0.3710416039146135,0.6163751234428553,0,0,1.0927610391735405,1.0834081878437476,PXN;PIK3R3;PIK3R1;SAMHD1;GNAI1;GNAI2;GNG2;CFL2;GNA11;GNG7;AKT3;AP1S2;AP1M1;JUN;PRKCB;NFATC3;FOS;GNG12;GNG11;HLA-E;CD4;GNAQ;FAS;CALM1;TLR4
KEGG_2021_Human,Steroid biosynthesis,3/20,0.3750957624156588,0.6197234335563059,0,0,1.441648894527981,1.4136433065750191,DHCR24;MSMO1;LSS
KEGG_2021_Human,Non-small cell lung cancer,9/72,0.3858218594457264,0.6339991636297343,0,0,1.1672473867595818,1.1116625060046796,CDK6;CCND1;GADD45B;PRKCB;HGF;AKT3;PIK3R3;PIK3R1;FOXO3
KEGG_2021_Human,B cell receptor signaling pathway,10/81,0.3896372611978234,0.6368264914200985,0,0,1.1508183539542969,1.0846912635632338,GSK3B;JUN;PRKCB;AKT3;NFATC3;PIK3R3;FOS;PIK3R1;LILRB2;LILRA2
KEGG_2021_Human,Allograft rejection,5/38,0.4011086708062503,0.6465654250748233,0,0,1.23780292590582,1.130761304728281,PRF1;FAS;HLA-DOA;HLA-DPA1;HLA-E
KEGG_2021_Human,Inositol phosphate metabolism,9/73,0.4019765307208605,0.6465654250748233,0,0,1.1489444316612978,1.0471038049406285,ITPKB;PLCB4;INPP5A;PTEN;PLCE1;INPP5K;PIK3C3;PIP5K1B;MTMR6
KEGG_2021_Human,p53 signaling pathway,9/73,0.4019765307208605,0.6465654250748233,0,0,1.1489444316612978,1.0471038049406285,CCND2;CDK6;CD82;CCND1;GADD45B;SESN1;PTEN;FAS;PPM1D
KEGG_2021_Human,Other types of O-glycan biosynthesis,6/47,0.4075773459915471,0.6521237535864755,0,0,1.1955478837876614,1.0730335862009492,COLGALT2;GALNT5;GALNT13;GALNT18;MFNG;EOGT
KEGG_2021_Human,HIF-1 signaling pathway,13/109,0.4107365958701253,0.6537378279817702,0,0,1.1064334562778546,0.9845079811914402,EDN1;FLT1;TFRC;ANGPT1;PRKCB;PIK3R3;PIK3R1;HK3;IL6;AKT3;MKNK2;TEK;TLR4
KEGG_2021_Human,Intestinal immune network for IgA production,6/48,0.4278119816202418,0.6738592871116763,0,0,1.1670168067226891,0.9908806816655792,PIGR;IL6;TGFB1;CXCL12;HLA-DOA;HLA-DPA1
KEGG_2021_Human,"Valine, leucine and isoleucine degradation",6/48,0.4278119816202418,0.6738592871116763,0,0,1.1670168067226891,0.9908806816655792,ACAA2;ALDH2;HMGCS1;AOX1;HMGCS2;HMGCLL1
KEGG_2021_Human,Terpenoid backbone biosynthesis,3/22,0.436342258029499,0.6837528167060191,0,0,1.289751455278858,1.0696274438665083,HMGCS1;HMGCS2;PCYOX1
KEGG_2021_Human,"Neomycin, kanamycin and gentamicin biosynthesis",1/5,0.4387987544124891,0.6840760068789574,0,0,2.0419532324621734,1.6819862596678483,HK3
KEGG_2021_Human,Hepatitis C,18/157,0.4490026994686771,0.6950219008690032,0,0,1.0579329512360536,0.8471148213508375,GSK3B;RSAD2;PIK3R3;PIK3R1;CFLAR;PIAS1;CLDN22;CLDN11;PPP2CA;CLDN5;SOCS3;CDK6;CCND1;AKT3;CLDN18;FAS;LDLR;TLR3
KEGG_2021_Human,Metabolism of xenobiotics by cytochrome P450,9/76,0.4503924818131369,0.6950219008690032,0,0,1.0973137075780783,0.8752568007354184,HSD11B1;GSTM3;HPGDS;ADH1C;ADH1B;ADH1A;ALDH3B1;CYP3A5;GSTM5
KEGG_2021_Human,Vibrio cholerae infection,6/50,0.4679026494673143,0.7113767138764018,0,0,1.1138452540106951,0.8459599219804579,TJP1;ADCY9;ATP6V0A2;PRKACA;CFTR;TJP2
KEGG_2021_Human,Bladder cancer,5/41,0.4680109959713169,0.7113767138764018,0,0,1.1344612871944062,0.8613550335478372,CCND1;DAPK1;DAPK2;DAPK3;HBEGF
KEGG_2021_Human,Ferroptosis,5/41,0.4680109959713169,0.7113767138764018,0,0,1.1344612871944062,0.8613550335478372,PRNP;TFRC;MAP1LC3C;SLC39A8;ACSL4
KEGG_2021_Human,Neuroactive ligand-receptor interaction,38/341,0.4704847660840465,0.7115789496992544,0,0,1.0245338899561598,0.7724900479850683,PTGER4;GRIA1;PTGFR;GABRB2;VIPR1;CALCRL;THRB;THRA;C5AR1;FPR1;ADRB1;FPR2;PTH1R;ADRB2;RXFP1;GHR;EDNRA;CYSLTR1;EDNRB;TBXA2R;CNR1;PENK;P2RY1;LEPR;S1PR1;CTSG;S1PR5;P2RY13;EDN1;PTGIR;P2RY14;F2R;NPY1R;SSTR1;APLN;AGTR1;APLNR;AGTR2
KEGG_2021_Human,Mineral absorption,7/60,0.4857391978921906,0.7310134463328017,0,0,1.0787681630882673,0.7789606142669121,SLC34A2;HEPH;MT1M;CYBRD1;ATP1A2;SLC8A1;MT1E
KEGG_2021_Human,Phosphonate and phosphinate metabolism,1/6,0.5000410054855275,0.7451591454294136,0,0,1.6334708849151764,1.1321017813651495,CHPT1
KEGG_2021_Human,Vitamin B6 metabolism,1/6,0.5000410054855275,0.7451591454294136,0,0,1.6334708849151764,1.1321017813651495,AOX1
KEGG_2021_Human,Hepatitis B,18/162,0.5045433874156557,0.7457871794513184,0,0,1.0209103512014788,0.6984062434733994,EGR2;JUN;TGFB2;EGR3;TGFB1;PRKCB;NFATC3;PIK3R3;PIK3R1;FOS;TGFBR2;IL6;AKT3;FAS;JAK2;TLR4;TLR3;CREB5
KEGG_2021_Human,Glucagon signaling pathway,12/107,0.5053689439703013,0.7457871794513184,0,0,1.0316565607567303,0.7040710776411081,PLCB4;GNAQ;AKT3;PDE3B;SIK2;PRKACA;CALM1;ACACB;PPARGC1A;FBP1;FOXO1;CREB5
KEGG_2021_Human,alpha-Linolenic acid metabolism,3/25,0.5234243699604465,0.7687005239998829,0,0,1.113688514331011,0.7209604360023487,PLA2G1B;PLA2G4C;PLA2G5
KEGG_2021_Human,Progesterone-mediated oocyte maturation,11/100,0.5359470581215315,0.7833072387930076,0,0,1.0093158540309184,0.6295303784484907,ADCY9;RPS6KA2;AKT3;PDE3B;ADCY4;PIK3R3;PGR;PIK3R1;PRKACA;GNAI1;GNAI2
KEGG_2021_Human,Salmonella infection,27/249,0.5439656469945436,0.7912227592647908,0,0,0.9930645262431804,0.6046463867870377,DYNC1I2;AHNAK;ARHGEF26;NLRC4;TUBB6;RRAS;PODXL;AKT3;TUBB1;TNFSF10;CASP1;FLNA;WASF3;DYNC2H1;ACTR3;TCF7L2;JUN;TCF7L1;FOS;RHOB;IL6;RHOJ;ELMO1;DYNLRB2;PIK3C3;MYL9;TLR4
KEGG_2021_Human,Diabetic cardiomyopathy,22/203,0.5469033476264045,0.7917077032306046,0,0,0.992464702271332,0.5989357620615039,GSK3B;COX7B;TGFB2;ACE;TGFB1;UQCRB;PRKCB;NCF2;COX4I2;NDUFA4L2;PTEN;PIK3R3;PIK3R1;AGER;COX7A1;TGFBR2;PLCB4;PLN;AKT3;PDK4;AGTR1;CD36
KEGG_2021_Human,Maturity onset diabetes of the young,3/26,0.5507742018753256,0.7935324993843553,0,0,1.0652074146497197,0.6353220319713114,HHEX;NR5A2;FOXA2
KEGG_2021_Human,Primary bile acid biosynthesis,2/17,0.5676819979451282,0.8102128045789623,0,0,1.088868501529052,0.6165106814894382,CYP27A1;CYP39A1
KEGG_2021_Human,Selenocompound metabolism,2/17,0.5676819979451282,0.8102128045789623,0,0,1.088868501529052,0.6165106814894382,INMT;PAPSS2
KEGG_2021_Human,"Alanine, aspartate and glutamate metabolism",4/37,0.585491668552856,0.8306435434338698,0,0,0.98978768400256,0.5298366389572633,RIMKLA;RIMKLB;ASPA;DDO
KEGG_2021_Human,NF-kappa B signaling pathway,11/104,0.5901940966503811,0.8306435434338698,0,0,0.965686493018925,0.50921017554215,UBE2I;CXCL12;GADD45B;CCL21;PRKCB;PRKCQ;CFLAR;CXCL3;PTGS2;CXCL2;TLR4
KEGG_2021_Human,T cell receptor signaling pathway,11/104,0.5901940966503811,0.8306435434338698,0,0,0.965686493018925,0.50921017554215,GSK3B;JUN;CD4;AKT3;NFATC3;PIK3R3;PRKCQ;FYN;PIK3R1;FOS;NCK1
KEGG_2021_Human,Pyruvate metabolism,5/47,0.5930352656176913,0.830795948146443,0,0,0.972067283505042,0.5079065281012858,ADH1C;ALDH2;ADH1B;ADH1A;ACACB
KEGG_2021_Human,Fatty acid biosynthesis,2/18,0.5995650350678363,0.8335300077193142,0,0,1.0207568807339449,0.5221690277474359,ACSL4;ACACB
KEGG_2021_Human,Riboflavin metabolism,1/8,0.6032125055863458,0.8335300077193142,0,0,1.1666339162900374,0.5897167973207976,ACP5
KEGG_2021_Human,Sulfur relay system,1/8,0.6032125055863458,0.8335300077193142,0,0,1.1666339162900374,0.5897167973207976,MOCS2
KEGG_2021_Human,Glycolysis / Gluconeogenesis,7/67,0.6064579090931694,0.8339543437911631,0,0,0.952536398467433,0.4763824585349427,HK3;ALDH2;ADH1C;ADH1B;ADH1A;ALDH3B1;FBP1
KEGG_2021_Human,Alzheimer disease,39/369,0.6090061326369678,0.8339543437911631,0,0,0.9644254019429008,0.4782845397086576,GSK3B;COX7B;WNT2B;UQCRB;LRP1;COX4I2;NDUFA4L2;PIK3R3;LPL;CACNA1D;PIK3R1;CACNA1C;PTGS2;AGER;COX7A1;TUBB6;APH1B;AKT3;TUBB1;NOS1;WNT2;SNCA;FZD1;MME;FZD4;FZD7;FZD8;AXIN2;DKK2;BACE1;PSMA5;IL6;PLCB4;APC;GNAQ;ULK2;FAS;PIK3C3;CALM1
KEGG_2021_Human,mTOR signaling pathway,16/154,0.6207474502719665,0.8412253030721996,0,0,0.9463781497986002,0.4512624036771072,FZD1;GSK3B;WNT2B;PRKCB;FZD4;CAB39L;FZD7;PTEN;PIK3R3;FZD8;PIK3R1;RPS6KA2;AKT3;ULK2;WNT2;LAMTOR3
KEGG_2021_Human,Linoleic acid metabolism,3/29,0.6269369308618834,0.8412253030721996,0,0,0.942140007766442,0.4398939618139088,PLA2G1B;PLA2G4C;PLA2G5
KEGG_2021_Human,Antigen processing and presentation,8/78,0.6274100424308422,0.8412253030721996,0,0,0.9330003942699436,0.4349227772656384,CD74;CD4;NFYB;KLRD1;HSPA2;HLA-DOA;HLA-DPA1;HLA-E
KEGG_2021_Human,Various types of N-glycan biosynthesis,4/39,0.628165562388421,0.8412253030721996,0,0,0.9331234422143512,0.4338571561640689,CHST9;TUSC3;MAN1C1;MAN1A1
KEGG_2021_Human,Glycosaminoglycan degradation,2/19,0.6296405501691358,0.8412253030721996,0,0,0.9606583917970858,0.4444065067164476,HYAL1;HYAL2
KEGG_2021_Human,Ether lipid metabolism,5/49,0.6309189773041497,0.8412253030721996,0,0,0.9277780097715788,0.4273139809071788,PLA2G1B;PLA2G4C;ENPP2;CHPT1;PLA2G5
KEGG_2021_Human,Glycerophospholipid metabolism,10/98,0.6368841995914026,0.8454707278418621,0,0,0.927611752887996,0.4185082107888239,DGKE;PLA2G1B;GPD1;PLA2G4C;CHPT1;PLA2G5;GPD1L;PNPLA6;PLA1A;CDS2
KEGG_2021_Human,Thermogenesis,24/232,0.6406454921242807,0.84676621567731,0,0,0.9415769587224638,0.419264474342558,KLB;SMARCE1;COX7B;COX16;UQCRB;NPR1;COX4I2;ADCY4;NDUFA4L2;ACSL4;SMARCA2;COX7A1;ADCY9;CNR1;RPS6KA2;NDUFAF4;PRDM16;PPARG;PRKACA;PPARGC1A;MGLL;PRKG1;FGFR1;CREB5
KEGG_2021_Human,Ascorbate and aldarate metabolism,3/30,0.6502540632058184,0.8520570483386585,0,0,0.9071949416144,0.3904495596091258,KL;ALDH2;RGN
KEGG_2021_Human,beta-Alanine metabolism,3/30,0.6502540632058184,0.8520570483386585,0,0,0.9071949416144,0.3904495596091258,AOC3;ALDH2;ALDH3B1
KEGG_2021_Human,Purine metabolism,13/129,0.6612128589932029,0.860319646696154,0,0,0.9146356973657016,0.378366006195117,GUCY1A2;PDE1C;NPR1;NPR2;AK1;PDE2A;PDE3B;ADCY4;PAPSS2;ADCY9;PDE5A;PDE7B;PDE8B
KEGG_2021_Human,Measles,14/139,0.6648868423016745,0.860319646696154,0,0,0.9140295202952028,0.3730505594551527,GSK3B;JUN;PIK3R3;MSN;PIK3R1;HSPA2;FOS;IL6;CCND2;CDK6;CCND1;AKT3;FAS;TLR4
KEGG_2021_Human,Prion disease,28/273,0.6650497268868295,0.860319646696154,0,0,0.9323782995092188,0.3803110142040229,C1QB;C1QA;GSK3B;COX7B;UQCRB;NCF2;COX4I2;NDUFA4L2;PIK3R3;CACNA1D;PIK3R1;CACNA1C;C8B;COX7A1;TUBB6;C6;C7;TUBB1;FYN;PRKACA;EGR1;PRNP;CAV2;CAV1;HSPA2;PSMA5;IL6;CREB5
KEGG_2021_Human,Circadian rhythm,3/31,0.672510755460978,0.8662850409327852,0,0,0.8747459516160755,0.3470442371475751,PER3;CRY2;RORA
KEGG_2021_Human,Autoimmune thyroid disease,5/53,0.6998903929788362,0.8977497023863553,0,0,0.8502717807380187,0.3034037869476931,PRF1;FAS;HLA-DOA;HLA-DPA1;HLA-E
KEGG_2021_Human,Fructose and mannose metabolism,3/33,0.7138476623712235,0.9118054174825712,0,0,0.8163377696190913,0.275175786410592,PFKFB2;HK3;FBP1
KEGG_2021_Human,Taste transduction,8/86,0.7342648595414925,0.9339603234335302,0,0,0.836930625339089,0.2585157107321102,SCNN1G;PLCB4;PDE1C;SCNN1B;P2RY1;ADCY4;CACNA1C;PRKACA
KEGG_2021_Human,Vitamin digestion and absorption,2/24,0.7539785982823151,0.9550395578242658,0,0,0.7421184320266889,0.2095677855220024,RBP2;SLC19A3
KEGG_2021_Human,Glutathione metabolism,5/57,0.7593857960704335,0.9556704400760456,0,0,0.7846895869403908,0.2159821486261006,GSTM3;HPGDS;GPX3;GGT1;GSTM5
KEGG_2021_Human,Synaptic vesicle cycle,7/78,0.7607639687447468,0.9556704400760456,0,0,0.804461712805569,0.21996567848271,DNM3;SLC1A1;SLC6A13;ATP6V0A2;SLC18A2;VAMP2;SLC6A4
KEGG_2021_Human,MicroRNAs in cancer,30/310,0.7837239810790887,0.9804612767409177,0,0,0.8731744556558683,0.2127912051654213,TRIM71;ABCB1;BMPR2;NOTCH4;PDGFB;PTEN;PIK3R3;PIK3R1;PTGS2;CCND2;CCND1;TIMP3;TNR;PDGFRB;PDGFRA;TGFB2;UBE2I;PRKCB;PRKCE;RDX;FOXP1;ZEB2;CDK6;APC;ITGA5;VIM;ZFPM2;RECK;CD44;BCL2L2
KEGG_2021_Human,Spinocerebellar ataxia,13/143,0.7952260962642261,0.981345066968642,0,0,0.815491009681881,0.1868524821224253,GRIA1;PRKCB;PIK3R3;RORA;PIK3R1;VLDLR;PSMA5;FGF14;PLCB4;GNAQ;AKT3;ULK2;PIK3C3
KEGG_2021_Human,Peroxisome,7/82,0.8044861683602782,0.981345066968642,0,0,0.7613854406130268,0.1656405488996399,EPHX2;CAT;PXMP4;ACSL4;FAR2;HMGCLL1;DDO
KEGG_2021_Human,Arginine and proline metabolism,4/50,0.8096903163724803,0.981345066968642,0,0,0.7095460534195712,0.1497876055394723,ALDH2;MAOB;MAOA;NOS1
KEGG_2021_Human,N-Glycan biosynthesis,4/50,0.8096903163724803,0.981345066968642,0,0,0.7095460534195712,0.1497876055394723,TUSC3;MAN1C1;MGAT3;MAN1A1
KEGG_2021_Human,Biosynthesis of unsaturated fatty acids,2/27,0.809867901557336,0.981345066968642,0,0,0.6529541284403669,0.1376976627265525,SCD;SCD5
KEGG_2021_Human,Collecting duct acid secretion,2/27,0.809867901557336,0.981345066968642,0,0,0.6529541284403669,0.1376976627265525,CA2;ATP6V0A2
KEGG_2021_Human,Systemic lupus erythematosus,12/135,0.8127142672293242,0.981345066968642,0,0,0.7955490614813983,0.164977532396442,C1QB;C1QA;FCGR3A;C6;FCGR3B;C7;CTSG;ACTN4;HLA-DOA;C8B;C2;HLA-DPA1
KEGG_2021_Human,Toll-like receptor signaling pathway,9/104,0.8134567607248329,0.981345066968642,0,0,0.7726742073776249,0.1595282530894932,JUN;IL6;AKT3;PIK3R3;TLR8;PIK3R1;FOS;TLR4;TLR3
KEGG_2021_Human,Alcoholism,17/186,0.8134834107766374,0.981345066968642,0,0,0.8200199516241442,0.1692765094580908,NTRK2;SHC3;MAOB;MAOA;BDNF;GNG12;GNG11;GNAI1;GNAI2;GNG2;PKIA;GNG7;FOSB;PRKACA;CALM1;SLC18A2;CREB5
KEGG_2021_Human,Phototransduction,2/28,0.8258139296688206,0.9859950717692192,0,0,0.6278052223006352,0.1201530031963354,CALM1;RGS9
KEGG_2021_Human,Pathways of neurodegeneration,46/475,0.8263892844336488,0.9859950717692192,0,0,0.8729189038177803,0.166456319012293,GRIA1;GSK3B;COX7B;HIP1;WNT2B;UQCRB;LRRK2;COX4I2;NDUFA4L2;CACNA1D;CACNA1C;PTGS2;AGER;COX7A1;DNALI1;TUBB6;TUBB1;NOS1;IFT57;WNT2;SNCA;FZD1;DNAH12;PRNP;GABARAPL1;DNAI2;PRKCB;FZD4;BDNF;GPX3;FZD7;FZD8;AXIN2;DKK2;PSMA5;IL6;PLCB4;APC;VAPB;GNAQ;CAT;ULK2;FAS;PIK3C3;CALM1;OPTN
KEGG_2021_Human,"Glycine, serine and threonine metabolism",3/40,0.8270682345432595,0.9859950717692192,0,0,0.6616350173027548,0.125623369632149,AOC3;MAOB;MAOA
KEGG_2021_Human,Lysine degradation,5/63,0.8312981216587748,0.9871665194697952,0,0,0.7032772084329907,0.1299422778876922,COLGALT2;ALDH2;PRDM6;PRDM16;PRDM2
KEGG_2021_Human,NOD-like receptor signaling pathway,16/181,0.8460775993917862,0.999994617926775,0,0,0.7903075072050141,0.1320953148864001,GABARAPL1;JUN;TRPV2;DEFA1;NLRC4;CXCL3;CXCL2;IL6;PLCB4;CASP1;TXNIP;CARD16;SUGT1;TLR4;CAMP;GBP4
KEGG_2021_Human,Epstein-Barr virus infection,18/202,0.849097713048779,0.999994617926775,0,0,0.7971650727316564,0.1304010656321325,JUN;GADD45B;PIK3R3;PIK3R1;ITGAL;HLA-E;IL6;CCND2;CDK6;CCND1;NEDD4;SAP30L;AKT3;FAS;VIM;HLA-DOA;CD44;HLA-DPA1
KEGG_2021_Human,Pentose phosphate pathway,2/30,0.854137746953883,0.999994617926775,0,0,0.5828964613368283,0.0919010893711083,RGN;FBP1
KEGG_2021_Human,Fat digestion and absorption,3/43,0.8624054125991315,0.999994617926775,0,0,0.6119091326296466,0.0905807881381078,PLA2G1B;PLA2G5;CD36
KEGG_2021_Human,Galactose metabolism,2/31,0.8666637164265683,0.999994617926775,0,0,0.5627649478013287,0.0805340545262399,HK3;MGAM
KEGG_2021_Human,Cell cycle,10/124,0.8813376549915349,0.999994617926775,0,0,0.7150011308196828,0.0903149839876116,CDKN1C;GSK3B;TGFB2;CDKN2B;CCND2;TGFB1;CDK6;CCND1;GADD45B;CDC14A
KEGG_2021_Human,SNARE interactions in vesicular transport,2/33,0.888797154390978,0.999994617926775,0,0,0.5263983427049423,0.0620551225703036,STX11;VAMP2
KEGG_2021_Human,Propanoate metabolism,2/34,0.8985376554331577,0.999994617926775,0,0,0.5099197247706422,0.0545546104740621,ACSS3;ACACB
KEGG_2021_Human,Viral carcinogenesis,17/203,0.903231358261582,0.999994617926775,0,0,0.7443542178847252,0.0757578025489032,EGR2;JUN;CDKN2B;EGR3;GSN;PXN;PIK3R3;ACTN4;PIK3R1;HLA-E;KAT2B;CCND2;CDK6;CCND1;PRKACA;IL6ST;CREB5
KEGG_2021_Human,Nicotinate and nicotinamide metabolism,2/35,0.907477569502061,0.999994617926775,0,0,0.4944398109535724,0.0480033960709976,BST1;AOX1
KEGG_2021_Human,Glycerolipid metabolism,4/61,0.911572418194441,0.999994617926775,0,0,0.5722616918789167,0.0529824129919866,DGKE;ALDH2;LPL;MGLL
KEGG_2021_Human,Pantothenate and CoA biosynthesis,1/21,0.9117212601837534,0.999994617926775,0,0,0.4080238422741861,0.0377099598521844,ALDH2
KEGG_2021_Human,Sphingolipid metabolism,3/49,0.914517124649229,0.999994617926775,0,0,0.5319153181555161,0.047531466463117,GALC;SPTLC3;SGMS2
KEGG_2021_Human,Starch and sucrose metabolism,2/36,0.915675549650409,0.999994617926775,0,0,0.4798704803022126,0.0422733168336998,HK3;MGAM
KEGG_2021_Human,Arginine biosynthesis,1/22,0.9213623927941796,0.999994617926775,0,0,0.3885723019148053,0.0318247875104172,NOS1
KEGG_2021_Human,Mannose type O-glycan biosynthesis,1/23,0.9299509973433624,0.999994617926775,0,0,0.3708890834062773,0.0269352207898636,POMGNT2
KEGG_2021_Human,Protein export,1/23,0.9299509973433624,0.999994617926775,0,0,0.3708890834062773,0.0269352207898636,SEC63
KEGG_2021_Human,Primary immunodeficiency,2/38,0.9300640226524892,0.999994617926775,0,0,0.4531600407747196,0.0328549429528737,CD4;IL7R
KEGG_2021_Human,Nicotine addiction,2/40,0.9421075377181884,0.999994617926775,0,0,0.429261226460647,0.0255993589640653,GRIA1;GABRB2
KEGG_2021_Human,Ubiquitin mediated proteolysis,10/140,0.9490983498990654,0.999994617926775,0,0,0.6264343391415215,0.0327267154919073,SOCS3;UBE2I;CUL3;NEDD4;UBE2E2;NEDD4L;WWP2;KLHL13;PIAS1;RHOBTB2
KEGG_2021_Human,Oocyte meiosis,9/129,0.9504781835123374,0.999994617926775,0,0,0.6108375517717441,0.0310244819890398,PPP2CA;AR;SLK;ADCY9;RPS6KA2;ADCY4;PGR;PRKACA;CALM1
KEGG_2021_Human,Glycosylphosphatidylinositol (GPI)-anchor biosynthesis,1/26,0.9504889424777236,0.999994617926775,0,0,0.3263273727647868,0.0165704962415162,PGAP1
KEGG_2021_Human,Fatty acid elongation,1/27,0.9558974062079036,0.999994617926775,0,0,0.3137586851479561,0.014151987403718,ACAA2
KEGG_2021_Human,Citrate cycle (TCA cycle),1/30,0.9688300581998118,0.999994617926775,0,0,0.2812534585527044,0.0089061891768894,IDH3A
KEGG_2021_Human,Glyoxylate and dicarboxylate metabolism,1/30,0.9688300581998118,0.999994617926775,0,0,0.2812534585527044,0.0089061891768894,CAT
KEGG_2021_Human,Steroid hormone biosynthesis,3/61,0.9689287368535274,0.999994617926775,0,0,0.4215790223291291,0.0133068099621062,HSD11B1;HSD17B6;CYP3A5
KEGG_2021_Human,Huntington disease,24/306,0.9706994358415308,0.999994617926775,0,0,0.6915780963461046,0.0205664256809662,GRIA1;DNAH12;COX7B;DNAI2;HIP1;UQCRB;BDNF;GPX3;COX4I2;NDUFA4L2;COX7A1;DNALI1;PSMA5;TUBB6;PLCB4;GNAQ;TUBB1;ULK2;PPARG;PIK3C3;IFT57;PPARGC1A;TGM2;CREB5
KEGG_2021_Human,Amino sugar and nucleotide sugar metabolism,2/48,0.9732532344653482,0.999994617926775,0,0,0.3544475468687674,0.0096094165019738,HK3;CYB5R3
KEGG_2021_Human,Cytosolic DNA-sensing pathway,3/63,0.9739173354064428,0.999994617926775,0,0,0.4074804956402019,0.0107692409735305,IL33;IL6;CASP1
KEGG_2021_Human,Base excision repair,1/33,0.9779713420986104,0.999994617926775,0,0,0.2548429619440623,0.0056766045343817,HMGB1
KEGG_2021_Human,Pentose and glucuronate interconversions,1/34,0.9803783905729324,0.999994617926775,0,0,0.2471065538465813,0.0048968287878716,KL
KEGG_2021_Human,Parkinson disease,18/249,0.9807663771366624,0.999994617926775,0,0,0.6332789207096047,0.012298907036088,COX7B;MAOB;UQCRB;MAOA;DUSP1;LRRK2;COX4I2;NDUFA4L2;COX7A1;GNAI1;GNAI2;PSMA5;TUBB6;TUBB1;PRKACA;CALM1;SLC18A2;SNCA
KEGG_2021_Human,Necroptosis,10/159,0.9835513835620634,0.999994617926775,0,0,0.5459663564339303,0.0090550687171807,IL33;PLA2G4C;TNFSF10;CASP1;FAS;HMGB1;CFLAR;JAK2;TLR4;TLR3
KEGG_2021_Human,mRNA surveillance pathway,5/98,0.9859230251163172,0.999994617926775,0,0,0.4377386262045529,0.0062058184289535,PPP2CA;DDX19B;NXF3;RBM8A;SAP18
KEGG_2021_Human,Porphyrin and chlorophyll metabolism,1/43,0.993075580141671,0.999994617926775,0,0,0.1940568983209973,0.0013484053090971,HEPH
KEGG_2021_Human,RNA transport,11/186,0.9935790898156504,0.999994617926775,0,0,0.5108192406395999,0.0032904998079761,EEF1A1;FXR1;DDX19B;UBE2I;NXF3;RBM8A;TPR;EIF4EBP2;SAP18;EIF3F;EIF1
KEGG_2021_Human,Amyotrophic lateral sclerosis,26/364,0.99439323038583,0.999994617926775,0,0,0.6236620522334808,0.0035065689178489,GRIA1;COX7B;UQCRB;COX4I2;NDUFA4L2;COX7A1;DNALI1;TUBB6;NXF3;ERBB4;TUBB1;TPR;CASP1;NOS1;DNAH12;GABARAPL1;DNAI2;GPX3;ANXA11;PSMA5;VAPB;CAT;ULK2;ANG;PIK3C3;OPTN
KEGG_2021_Human,Proteasome,1/46,0.995106882379772,0.999994617926775,0,0,0.1810892047480768,0.0008882657496134663,PSMA5
KEGG_2021_Human,Cysteine and methionine metabolism,1/50,0.996920118595576,0.999994617926775,0,0,0.1662689835218819,0.000512878959709127,CDO1
KEGG_2021_Human,RIG-I-like receptor signaling pathway,2/70,0.9970856833341862,0.999994617926775,0,0,0.239476524554776,0.0006989293727442501,RNF125;AZI2
KEGG_2021_Human,Oxidative phosphorylation,6/133,0.9974025271377877,0.999994617926775,0,0,0.3840970935618342,0.0009989797507736168,COX7B;UQCRB;COX4I2;ATP6V0A2;NDUFA4L2;COX7A1
KEGG_2021_Human,Protein processing in endoplasmic reticulum,8/171,0.9988329709949778,0.999994617926775,0,0,0.3985754680242238,0.00046542076449484007,PPP1R15A;TUSC3;WFS1;MAN1C1;MAN1A1;HSPA2;CRYAB;SEC63
KEGG_2021_Human,Ribosome biogenesis in eukaryotes,3/108,0.9996211513223238,0.999994617926775,0,0,0.2322559496492493,8.800653103881584e-05,NXF3;SBDS;RIOK2
KEGG_2021_Human,RNA degradation,1/79,0.9998902329282596,0.999994617926775,0,0,0.1042805582007782,1.144719978745722e-05,BTG2
KEGG_2021_Human,Spliceosome,4/150,0.9999620257177676,0.999994617926775,0,0,0.2222976967684315,8.441755762544038e-06,RBM17;RBM8A;HSPA2;WBP11
KEGG_2021_Human,Ribosome,3/158,0.9999937877731484,0.999994617926775,0,0,0.1568905535241084,9.74642736736061e-07,RPS20;RPL15;RPS23
KEGG_2021_Human,Herpes simplex virus 1 infection,22/498,0.9999943795012556,0.999994617926775,0,0,0.3710745409274821,2.0856298525141e-06,ZNF331;CD74;ZNF471;PIK3R3;ZNF44;PIK3R1;PILRA;CFP;ZNF25;HLA-E;SOCS3;IL6;NXF3;AKT3;ZNF658;FAS;ZNF677;ITGA5;JAK2;HLA-DOA;TLR3;HLA-DPA1
KEGG_2021_Human,Olfactory transduction,10/440,0.999994617926775,0.999994617926775,0,0,0.186174996787871,1.0020101618211614e-06,RGS2;PDE1C;GNG7;PDE2A;ARRB1;PRKACA;CALM1;SLC8A1;PRKG1;NCALD
