stringId_A,stringId_B,preferredName_A,preferredName_B,ncbiTaxonId,score,nscore,fscore,pscore,ascore,escore,dscore,tscore
9606.ENSP00000013222,9606.ENSP00000367309,INMT,MAOB,9606,0.95,0.0,0.0,0.0,0.048,0.0,0.9,0.519
9606.ENSP00000181383,9606.ENSP00000366307,CPB2,THBD,9606,0.958,0.0,0.0,0.0,0.0,0.0,0.0,0.958
9606.ENSP00000212355,9606.ENSP00000368104,TGFBR3,BMP2,9606,0.825,0.0,0.0,0.0,0.0,0.045,0.0,0.825
9606.ENSP00000222693,9606.ENSP00000349541,CAV2,CAVIN1,9606,0.92,0.0,0.0,0.0,0.339,0.091,0.0,0.878
9606.ENSP00000222693,9606.ENSP00000339191,CAV2,CAV1,9606,0.999,0.0,0.0,0.106,0.794,0.829,0.9,0.985
9606.ENSP00000226067,9606.ENSP00000478026,HLF,ANXA8,9606,0.715,0.0,0.0,0.0,0.0,0.051,0.0,0.712
9606.ENSP00000233954,9606.ENSP00000339804,IL1RL1,TSLP,9606,0.831,0.0,0.0,0.0,0.086,0.0,0.0,0.823
9606.ENSP00000233954,9606.ENSP00000370842,IL1RL1,IL33,9606,0.999,0.0,0.0,0.0,0.086,0.963,0.9,0.999
9606.ENSP00000234816,9606.ENSP00000361554,ANGPTL1,TIE1,9606,0.732,0.0,0.0,0.0,0.072,0.115,0.0,0.699
9606.ENSP00000234816,9606.ENSP00000369375,ANGPTL1,TEK,9606,0.866,0.0,0.0,0.0,0.092,0.115,0.0,0.846
9606.ENSP00000242249,9606.ENSP00000327246,RAMP3,VIPR1,9606,0.753,0.0,0.0,0.0,0.081,0.0,0.0,0.743
9606.ENSP00000242249,9606.ENSP00000253796,RAMP3,RAMP2,9606,0.991,0.0,0.0,0.0,0.25,0.0,0.9,0.897
9606.ENSP00000242249,9606.ENSP00000376177,RAMP3,CALCRL,9606,0.999,0.0,0.0,0.0,0.083,0.926,0.9,0.999
9606.ENSP00000248564,9606.ENSP00000367762,GNG11,PLCB4,9606,0.703,0.0,0.0,0.0,0.0,0.0,0.65,0.188
9606.ENSP00000249887,9606.ENSP00000357103,ACKR4,ACKR1,9606,0.747,0.0,0.0,0.0,0.061,0.0,0.0,0.741
9606.ENSP00000252456,9606.ENSP00000401678,CNN1,MYOCD,9606,0.84,0.0,0.0,0.0,0.256,0.0,0.0,0.794
9606.ENSP00000252456,9606.ENSP00000386857,CNN1,ACTG2,9606,0.93,0.0,0.0,0.0,0.793,0.114,0.0,0.652
9606.ENSP00000252456,9606.ENSP00000379616,CNN1,MYH11,9606,0.968,0.0,0.0,0.0,0.788,0.0,0.0,0.859
9606.ENSP00000253410,9606.ENSP00000365243,HIGD1B,COX4I2,9606,0.72,0.0,0.0,0.0,0.275,0.085,0.0,0.612
9606.ENSP00000253796,9606.ENSP00000327246,RAMP2,VIPR1,9606,0.942,0.0,0.0,0.0,0.066,0.0,0.0,0.94
9606.ENSP00000253796,9606.ENSP00000376177,RAMP2,CALCRL,9606,0.999,0.0,0.0,0.0,0.128,0.946,0.9,0.999
9606.ENSP00000254963,9606.ENSP00000384537,HSPA12B,AKAP12,9606,0.774,0.0,0.0,0.0,0.053,0.625,0.0,0.415
9606.ENSP00000256104,9606.ENSP00000497642,FABP4,LPL,9606,0.965,0.0,0.0,0.0,0.465,0.0,0.5,0.882
9606.ENSP00000256104,9606.ENSP00000415743,FABP4,CD36,9606,0.969,0.0,0.0,0.0,0.521,0.0,0.5,0.881
9606.ENSP00000256178,9606.ENSP00000497290,LYVE1,CDH5,9606,0.707,0.0,0.0,0.0,0.253,0.0,0.0,0.624
9606.ENSP00000256178,9606.ENSP00000261405,LYVE1,VWF,9606,0.724,0.0,0.0,0.0,0.259,0.058,0.0,0.636
9606.ENSP00000256178,9606.ENSP00000296420,LYVE1,EMCN,9606,0.746,0.0,0.0,0.0,0.247,0.0,0.0,0.677
9606.ENSP00000256178,9606.ENSP00000297904,LYVE1,VEGFD,9606,0.937,0.0,0.0,0.0,0.096,0.045,0.0,0.933
9606.ENSP00000257566,9606.ENSP00000363804,TBX3,KLF4,9606,0.878,0.0,0.0,0.0,0.067,0.054,0.0,0.873
9606.ENSP00000261405,9606.ENSP00000282588,VWF,ITGA1,9606,0.706,0.0,0.0,0.0,0.089,0.0,0.65,0.152
9606.ENSP00000261405,9606.ENSP00000367316,VWF,ITGA8,9606,0.708,0.0,0.0,0.0,0.092,0.0,0.65,0.155
9606.ENSP00000261405,9606.ENSP00000378431,VWF,MMRN1,9606,0.72,0.0,0.0,0.0,0.235,0.045,0.0,0.648
9606.ENSP00000261405,9606.ENSP00000428340,VWF,ANGPT1,9606,0.755,0.0,0.0,0.0,0.077,0.046,0.0,0.744
9606.ENSP00000261405,9606.ENSP00000369375,VWF,TEK,9606,0.757,0.0,0.0,0.0,0.237,0.0,0.0,0.695
9606.ENSP00000261405,9606.ENSP00000278927,VWF,ESAM,9606,0.77,0.0,0.0,0.0,0.364,0.0,0.0,0.654
9606.ENSP00000261405,9606.ENSP00000296028,VWF,PPBP,9606,0.773,0.0,0.0,0.0,0.099,0.0,0.0,0.759
9606.ENSP00000261405,9606.ENSP00000415743,VWF,CD36,9606,0.803,0.0,0.0,0.0,0.179,0.0,0.0,0.77
9606.ENSP00000261405,9606.ENSP00000363593,VWF,SVEP1,9606,0.857,0.0,0.0,0.0,0.142,0.091,0.0,0.831
9606.ENSP00000261405,9606.ENSP00000497290,VWF,CDH5,9606,0.881,0.0,0.0,0.0,0.351,0.042,0.0,0.823
9606.ENSP00000261405,9606.ENSP00000366307,VWF,THBD,9606,0.912,0.0,0.0,0.0,0.124,0.091,0.0,0.898
9606.ENSP00000261405,9606.ENSP00000385477,VWF,CLDN5,9606,0.92,0.0,0.0,0.0,0.77,0.0,0.0,0.669
9606.ENSP00000261448,9606.ENSP00000401437,CASQ2,LDB3,9606,0.731,0.0,0.0,0.0,0.467,0.06,0.0,0.507
9606.ENSP00000261707,9606.ENSP00000367309,SLC6A4,MAOB,9606,0.868,0.0,0.0,0.0,0.057,0.0,0.0,0.866
9606.ENSP00000261707,9606.ENSP00000414303,SLC6A4,BDNF,9606,0.922,0.0,0.0,0.0,0.0,0.0,0.0,0.922
9606.ENSP00000262426,9606.ENSP00000496415,FOXF1,FOXF2,9606,0.708,0.0,0.0,0.053,0.478,0.422,0.0,0.1
9606.ENSP00000262648,9606.ENSP00000264498,ANOS1,FGF2,9606,0.781,0.0,0.0,0.0,0.042,0.405,0.5,0.323
9606.ENSP00000264381,9606.ENSP00000367309,BCHE,MAOB,9606,0.809,0.0,0.0,0.0,0.123,0.0,0.0,0.791
9606.ENSP00000264498,9606.ENSP00000361554,FGF2,TIE1,9606,0.701,0.0,0.0,0.0,0.0,0.168,0.0,0.655
9606.ENSP00000264498,9606.ENSP00000377836,FGF2,GPC3,9606,0.706,0.0,0.0,0.0,0.042,0.292,0.0,0.601
9606.ENSP00000264498,9606.ENSP00000341170,FGF2,PTN,9606,0.722,0.0,0.0,0.0,0.084,0.0,0.0,0.709
9606.ENSP00000264498,9606.ENSP00000363804,FGF2,KLF4,9606,0.743,0.0,0.0,0.0,0.042,0.045,0.0,0.742
9606.ENSP00000264498,9606.ENSP00000428340,FGF2,ANGPT1,9606,0.822,0.0,0.0,0.0,0.058,0.0,0.0,0.819
9606.ENSP00000264498,9606.ENSP00000357206,FGF2,NES,9606,0.836,0.0,0.0,0.0,0.102,0.045,0.0,0.825
9606.ENSP00000264498,9606.ENSP00000414303,FGF2,BDNF,9606,0.84,0.0,0.0,0.0,0.174,0.0,0.0,0.814
9606.ENSP00000264498,9606.ENSP00000307046,FGF2,SDC2,9606,0.884,0.0,0.0,0.0,0.078,0.618,0.5,0.419
9606.ENSP00000264498,9606.ENSP00000277120,FGF2,NTRK2,9606,0.908,0.0,0.0,0.0,0.056,0.0,0.65,0.745
9606.ENSP00000264498,9606.ENSP00000368104,FGF2,BMP2,9606,0.937,0.0,0.0,0.0,0.085,0.0,0.0,0.934
9606.ENSP00000264498,9606.ENSP00000369375,FGF2,TEK,9606,0.941,0.0,0.0,0.0,0.08,0.168,0.65,0.805
9606.ENSP00000264498,9606.ENSP00000410294,FGF2,FGFR2,9606,0.999,0.0,0.0,0.0,0.067,0.919,0.9,0.997
9606.ENSP00000264498,9606.ENSP00000292408,FGF2,FGFR4,9606,0.999,0.0,0.0,0.0,0.058,0.541,0.9,0.992
9606.ENSP00000265382,9606.ENSP00000367762,PIP5K1B,PLCB4,9606,0.724,0.0,0.0,0.0,0.054,0.0,0.676,0.171
9606.ENSP00000266085,9606.ENSP00000360973,TIMP3,AGTR2,9606,0.852,0.0,0.0,0.0,0.0,0.292,0.0,0.8
9606.ENSP00000270879,9606.ENSP00000360871,FCN3,FCN1,9606,0.904,0.0,0.0,0.067,0.054,0.0,0.72,0.659
9606.ENSP00000270879,9606.ENSP00000296280,FCN3,MASP1,9606,0.999,0.0,0.0,0.0,0.056,0.812,0.72,0.996
9606.ENSP00000277120,9606.ENSP00000297904,NTRK2,VEGFD,9606,0.702,0.0,0.0,0.0,0.056,0.07,0.65,0.146
9606.ENSP00000277120,9606.ENSP00000428340,NTRK2,ANGPT1,9606,0.719,0.0,0.0,0.0,0.048,0.0,0.65,0.225
9606.ENSP00000277120,9606.ENSP00000414303,NTRK2,BDNF,9606,0.999,0.0,0.0,0.0,0.06,0.691,0.9,0.999
9606.ENSP00000278282,9606.ENSP00000397082,SCGB1A1,SFTPA1,9606,0.826,0.0,0.0,0.0,0.563,0.0,0.0,0.618
9606.ENSP00000278282,9606.ENSP00000361366,SCGB1A1,SFTPD,9606,0.837,0.0,0.0,0.0,0.443,0.0,0.0,0.72
9606.ENSP00000278282,9606.ENSP00000316152,SCGB1A1,SFTPC,9606,0.95,0.0,0.0,0.0,0.671,0.0,0.0,0.855
9606.ENSP00000278888,9606.ENSP00000343577,MS4A2,TPSAB1,9606,0.85,0.0,0.0,0.0,0.645,0.0,0.0,0.596
9606.ENSP00000278888,9606.ENSP00000296046,MS4A2,CPA3,9606,0.938,0.0,0.0,0.0,0.794,0.0,0.0,0.711
9606.ENSP00000278927,9606.ENSP00000497290,ESAM,CDH5,9606,0.85,0.0,0.0,0.0,0.24,0.0,0.0,0.81
9606.ENSP00000278927,9606.ENSP00000385477,ESAM,CLDN5,9606,0.97,0.0,0.0,0.0,0.686,0.0,0.65,0.753
9606.ENSP00000282249,9606.ENSP00000347046,GUCY1A2,PDE5A,9606,0.804,0.0,0.0,0.0,0.073,0.126,0.697,0.295
9606.ENSP00000282249,9606.ENSP00000344794,GUCY1A2,MOCS1,9606,0.818,0.0,0.0,0.0,0.093,0.0,0.8,0.079
9606.ENSP00000282588,9606.ENSP00000354360,ITGA1,LAMC3,9606,0.732,0.0,0.0,0.0,0.042,0.071,0.65,0.243
9606.ENSP00000282588,9606.ENSP00000367316,ITGA1,ITGA8,9606,0.795,0.0,0.0,0.0,0.13,0.0,0.72,0.228
9606.ENSP00000282588,9606.ENSP00000360293,ITGA1,SORBS1,9606,0.876,0.0,0.0,0.0,0.068,0.0,0.8,0.388
9606.ENSP00000285311,9606.ENSP00000286574,DKK2,WIF1,9606,0.802,0.0,0.0,0.0,0.141,0.0,0.0,0.778
9606.ENSP00000285381,9606.ENSP00000300900,CA3,CA4,9606,0.845,0.0,0.0,0.156,0.054,0.0,0.0,0.822
9606.ENSP00000288840,9606.ENSP00000368104,SMAD6,BMP2,9606,0.868,0.0,0.0,0.0,0.101,0.095,0.5,0.715
9606.ENSP00000290866,9606.ENSP00000418525,ACE,MME,9606,0.882,0.0,0.0,0.0,0.0,0.0,0.0,0.882
9606.ENSP00000290866,9606.ENSP00000360973,ACE,AGTR2,9606,0.948,0.0,0.0,0.0,0.042,0.0,0.0,0.948
9606.ENSP00000290866,9606.ENSP00000398832,ACE,AGTR1,9606,0.974,0.0,0.0,0.0,0.042,0.0,0.0,0.974
9606.ENSP00000292408,9606.ENSP00000414303,FGFR4,BDNF,9606,0.708,0.0,0.0,0.0,0.0,0.0,0.65,0.201
9606.ENSP00000292408,9606.ENSP00000297904,FGFR4,VEGFD,9606,0.711,0.0,0.0,0.0,0.055,0.042,0.65,0.195
9606.ENSP00000292408,9606.ENSP00000428340,FGFR4,ANGPT1,9606,0.716,0.0,0.0,0.0,0.0,0.115,0.65,0.157
9606.ENSP00000292408,9606.ENSP00000369442,FGFR4,KL,9606,0.992,0.0,0.0,0.0,0.062,0.154,0.4,0.986
9606.ENSP00000292907,9606.ENSP00000365243,COX7A1,COX4I2,9606,0.909,0.0,0.0,0.0,0.186,0.428,0.36,0.731
9606.ENSP00000294339,9606.ENSP00000306772,TAL1,LDB2,9606,0.995,0.0,0.0,0.0,0.049,0.087,0.0,0.995
9606.ENSP00000296028,9606.ENSP00000351059,PPBP,CX3CR1,9606,0.757,0.0,0.0,0.0,0.084,0.0,0.65,0.305
9606.ENSP00000296028,9606.ENSP00000357103,PPBP,ACKR1,9606,0.836,0.0,0.0,0.0,0.055,0.0,0.0,0.834
9606.ENSP00000296046,9606.ENSP00000482743,CPA3,TPSB2,9606,0.875,0.0,0.0,0.0,0.638,0.126,0.0,0.638
9606.ENSP00000296046,9606.ENSP00000343577,CPA3,TPSAB1,9606,0.945,0.0,0.0,0.0,0.783,0.126,0.0,0.734
9606.ENSP00000296280,9606.ENSP00000360871,MASP1,FCN1,9606,0.999,0.0,0.0,0.0,0.0,0.292,0.72,0.996
9606.ENSP00000296420,9606.ENSP00000321005,EMCN,CD300LG,9606,0.716,0.0,0.0,0.0,0.127,0.0,0.0,0.688
9606.ENSP00000296420,9606.ENSP00000369375,EMCN,TEK,9606,0.754,0.0,0.0,0.0,0.5,0.0,0.0,0.528
9606.ENSP00000296420,9606.ENSP00000497290,EMCN,CDH5,9606,0.786,0.0,0.0,0.0,0.48,0.0,0.0,0.605
9606.ENSP00000297316,9606.ENSP00000417335,SOX17,ROBO2,9606,0.781,0.0,0.0,0.0,0.111,0.0,0.0,0.763
9606.ENSP00000297904,9606.ENSP00000410294,VEGFD,FGFR2,9606,0.737,0.0,0.0,0.0,0.065,0.042,0.65,0.262
9606.ENSP00000297904,9606.ENSP00000369375,VEGFD,TEK,9606,0.865,0.0,0.0,0.0,0.061,0.042,0.65,0.623
9606.ENSP00000298910,9606.ENSP00000320092,LRRK2,SH3GL3,9606,0.872,0.0,0.0,0.0,0.0,0.313,0.0,0.822
9606.ENSP00000301732,9606.ENSP00000397082,ABCA3,SFTPA1,9606,0.711,0.0,0.0,0.0,0.072,0.045,0.0,0.701
9606.ENSP00000301732,9606.ENSP00000316152,ABCA3,SFTPC,9606,0.899,0.0,0.0,0.0,0.084,0.0,0.0,0.894
9606.ENSP00000302833,9606.ENSP00000305107,GIMAP1,GIMAP8,9606,0.893,0.0,0.0,0.117,0.8,0.0,0.0,0.447
9606.ENSP00000304945,9606.ENSP00000497290,ROBO4,CDH5,9606,0.707,0.0,0.0,0.0,0.424,0.0,0.0,0.512
9606.ENSP00000304945,9606.ENSP00000385477,ROBO4,CLDN5,9606,0.732,0.0,0.0,0.0,0.608,0.0,0.0,0.344
9606.ENSP00000304945,9606.ENSP00000361097,ROBO4,MMRN2,9606,0.736,0.0,0.0,0.0,0.635,0.053,0.0,0.298
9606.ENSP00000304945,9606.ENSP00000422591,ROBO4,SLIT2,9606,0.998,0.0,0.0,0.0,0.142,0.561,0.0,0.995
9606.ENSP00000304945,9606.ENSP00000332164,ROBO4,SLIT3,9606,0.999,0.0,0.0,0.0,0.146,0.406,0.0,0.998
9606.ENSP00000305372,9606.ENSP00000428994,ADRB2,GRIA1,9606,0.706,0.0,0.0,0.0,0.0,0.1,0.0,0.687
9606.ENSP00000305372,9606.ENSP00000398832,ADRB2,AGTR1,9606,0.873,0.0,0.0,0.0,0.042,0.068,0.4,0.791
9606.ENSP00000305372,9606.ENSP00000376609,ADRB2,GRK5,9606,0.91,0.0,0.0,0.0,0.054,0.333,0.5,0.75
9606.ENSP00000305372,9606.ENSP00000358301,ADRB2,ADRB1,9606,0.956,0.0,0.0,0.0,0.049,0.237,0.9,0.469
9606.ENSP00000305372,9606.ENSP00000384537,ADRB2,AKAP12,9606,0.983,0.0,0.0,0.0,0.044,0.51,0.0,0.967
9606.ENSP00000305675,9606.ENSP00000349541,CAVIN2,CAVIN1,9606,0.728,0.0,0.0,0.0,0.23,0.292,0.0,0.541
9606.ENSP00000305675,9606.ENSP00000339191,CAVIN2,CAV1,9606,0.946,0.0,0.0,0.0,0.141,0.423,0.0,0.901
9606.ENSP00000306606,9606.ENSP00000367309,ADH1B,MAOB,9606,0.934,0.0,0.0,0.0,0.148,0.0,0.908,0.226
9606.ENSP00000307046,9606.ENSP00000377836,SDC2,GPC3,9606,0.802,0.0,0.0,0.0,0.099,0.127,0.4,0.631
9606.ENSP00000312326,9606.ENSP00000367309,AOC3,MAOB,9606,0.974,0.0,0.0,0.0,0.132,0.0,0.9,0.733
9606.ENSP00000315130,9606.ENSP00000497642,CLU,LPL,9606,0.773,0.0,0.0,0.0,0.059,0.0,0.54,0.519
9606.ENSP00000315130,9606.ENSP00000322061,CLU,C7,9606,0.847,0.0,0.0,0.0,0.149,0.292,0.5,0.553
9606.ENSP00000316152,9606.ENSP00000364210,SFTPC,AGER,9606,0.87,0.0,0.0,0.0,0.743,0.0,0.0,0.516
9606.ENSP00000316152,9606.ENSP00000361366,SFTPC,SFTPD,9606,0.99,0.0,0.0,0.0,0.704,0.0,0.5,0.944
9606.ENSP00000316152,9606.ENSP00000397082,SFTPC,SFTPA1,9606,0.999,0.0,0.0,0.0,0.855,0.0,0.5,0.99
9606.ENSP00000322421,9606.ENSP00000494175,HBA1,HBB,9606,0.999,0.0,0.0,0.064,0.999,0.973,0.72,0.903
9606.ENSP00000322460,9606.ENSP00000496114,SCN4B,SCN7A,9606,0.936,0.0,0.0,0.0,0.062,0.0,0.9,0.374
9606.ENSP00000325120,9606.ENSP00000410294,PGR,FGFR2,9606,0.854,0.0,0.0,0.0,0.048,0.294,0.0,0.8
9606.ENSP00000332164,9606.ENSP00000417335,SLIT3,ROBO2,9606,0.999,0.0,0.0,0.0,0.13,0.406,0.9,0.999
9606.ENSP00000333938,9606.ENSP00000401437,NEXN,LDB3,9606,0.707,0.0,0.0,0.0,0.097,0.0,0.0,0.689
9606.ENSP00000334928,9606.ENSP00000428340,PTPRB,ANGPT1,9606,0.705,0.0,0.0,0.0,0.054,0.053,0.0,0.698
9606.ENSP00000334928,9606.ENSP00000361554,PTPRB,TIE1,9606,0.75,0.0,0.0,0.0,0.219,0.051,0.0,0.69
9606.ENSP00000334928,9606.ENSP00000369375,PTPRB,TEK,9606,0.896,0.0,0.0,0.0,0.46,0.17,0.0,0.787
9606.ENSP00000334928,9606.ENSP00000497290,PTPRB,CDH5,9606,0.982,0.0,0.0,0.0,0.509,0.345,0.0,0.949
9606.ENSP00000334928,9606.ENSP00000341170,PTPRB,PTN,9606,0.992,0.0,0.0,0.0,0.063,0.229,0.0,0.991
9606.ENSP00000336775,9606.ENSP00000363071,SYNM,DES,9606,0.788,0.0,0.0,0.0,0.202,0.624,0.0,0.349
9606.ENSP00000336775,9606.ENSP00000357206,SYNM,NES,9606,0.949,0.0,0.0,0.0,0.086,0.379,0.0,0.918
9606.ENSP00000339191,9606.ENSP00000497290,CAV1,CDH5,9606,0.712,0.0,0.0,0.0,0.096,0.0,0.0,0.695
9606.ENSP00000339191,9606.ENSP00000385477,CAV1,CLDN5,9606,0.733,0.0,0.0,0.0,0.05,0.0,0.0,0.73
9606.ENSP00000339191,9606.ENSP00000394051,CAV1,NOSTRIN,9606,0.869,0.0,0.0,0.0,0.072,0.0,0.5,0.74
9606.ENSP00000339191,9606.ENSP00000415743,CAV1,CD36,9606,0.956,0.0,0.0,0.0,0.053,0.0,0.0,0.956
9606.ENSP00000339191,9606.ENSP00000349541,CAV1,CAVIN1,9606,0.999,0.0,0.0,0.0,0.391,0.642,0.4,0.997
9606.ENSP00000339804,9606.ENSP00000370842,TSLP,IL33,9606,0.93,0.0,0.0,0.0,0.123,0.0,0.0,0.924
9606.ENSP00000340939,9606.ENSP00000385477,CLDN18,CLDN5,9606,0.704,0.0,0.0,0.0,0.042,0.0,0.65,0.189
9606.ENSP00000343577,9606.ENSP00000482743,TPSAB1,TPSB2,9606,0.999,0.0,0.0,0.047,0.999,0.2,0.9,0.048
9606.ENSP00000344794,9606.ENSP00000357669,MOCS1,NPR1,9606,0.824,0.0,0.0,0.0,0.115,0.0,0.8,0.085
9606.ENSP00000345008,9606.ENSP00000378957,FBLN5,MFAP4,9606,0.842,0.0,0.0,0.0,0.366,0.069,0.5,0.527
9606.ENSP00000347046,9606.ENSP00000357669,PDE5A,NPR1,9606,0.859,0.0,0.0,0.0,0.055,0.126,0.694,0.51
9606.ENSP00000349541,9606.ENSP00000384537,CAVIN1,AKAP12,9606,0.793,0.0,0.0,0.0,0.751,0.0,0.0,0.203
9606.ENSP00000353013,9606.ENSP00000353720,CLEC14A,CES1,9606,0.782,0.0,0.0,0.0,0.053,0.057,0.0,0.776
9606.ENSP00000353013,9606.ENSP00000361097,CLEC14A,MMRN2,9606,0.927,0.0,0.0,0.0,0.263,0.334,0.0,0.864
9606.ENSP00000354360,9606.ENSP00000367316,LAMC3,ITGA8,9606,0.727,0.0,0.0,0.0,0.042,0.071,0.65,0.229
9606.ENSP00000354490,9606.ENSP00000442756,ATP1A2,FXYD6,9606,0.709,0.0,0.0,0.0,0.105,0.31,0.5,0.169
9606.ENSP00000354490,9606.ENSP00000481244,ATP1A2,FXYD1,9606,0.946,0.0,0.0,0.0,0.21,0.065,0.9,0.366
9606.ENSP00000357206,9606.ENSP00000414303,NES,BDNF,9606,0.759,0.0,0.0,0.0,0.067,0.0,0.0,0.753
9606.ENSP00000357726,9606.ENSP00000364210,S100A12,AGER,9606,0.999,0.0,0.0,0.0,0.106,0.41,0.5,0.997
9606.ENSP00000358301,9606.ENSP00000376609,ADRB1,GRK5,9606,0.752,0.0,0.0,0.0,0.047,0.097,0.0,0.735
9606.ENSP00000360973,9606.ENSP00000398832,AGTR2,AGTR1,9606,0.982,0.0,0.0,0.0,0.042,0.0,0.9,0.835
9606.ENSP00000361366,9606.ENSP00000364210,SFTPD,AGER,9606,0.776,0.0,0.0,0.0,0.488,0.0,0.0,0.582
9606.ENSP00000361366,9606.ENSP00000397082,SFTPD,SFTPA1,9606,0.851,0.0,0.0,0.104,0.573,0.287,0.4,0.228
9606.ENSP00000361554,9606.ENSP00000497290,TIE1,CDH5,9606,0.807,0.0,0.0,0.0,0.407,0.045,0.0,0.687
9606.ENSP00000361554,9606.ENSP00000369375,TIE1,TEK,9606,0.827,0.0,0.0,0.079,0.451,0.292,0.0,0.574
9606.ENSP00000361554,9606.ENSP00000428340,TIE1,ANGPT1,9606,0.998,0.0,0.0,0.0,0.104,0.136,0.0,0.998
9606.ENSP00000363804,9606.ENSP00000401678,KLF4,MYOCD,9606,0.833,0.0,0.0,0.0,0.0,0.091,0.0,0.824
9606.ENSP00000364210,9606.ENSP00000397082,AGER,SFTPA1,9606,0.722,0.0,0.0,0.0,0.579,0.0,0.0,0.366
9606.ENSP00000364210,9606.ENSP00000415743,AGER,CD36,9606,0.734,0.0,0.0,0.0,0.105,0.0,0.0,0.716
9606.ENSP00000367309,9606.ENSP00000414303,MAOB,BDNF,9606,0.708,0.0,0.0,0.0,0.0,0.0,0.0,0.708
9606.ENSP00000367316,9606.ENSP00000422834,ITGA8,FRAS1,9606,0.94,0.0,0.0,0.0,0.08,0.0,0.9,0.405
9606.ENSP00000367316,9606.ENSP00000389252,ITGA8,NPNT,9606,0.999,0.0,0.0,0.0,0.127,0.295,0.9,0.995
9606.ENSP00000368104,9606.ENSP00000373574,BMP2,ACVRL1,9606,0.916,0.0,0.0,0.0,0.086,0.457,0.54,0.678
9606.ENSP00000369375,9606.ENSP00000414303,TEK,BDNF,9606,0.739,0.0,0.0,0.0,0.062,0.0,0.65,0.271
9606.ENSP00000369375,9606.ENSP00000497290,TEK,CDH5,9606,0.901,0.0,0.0,0.0,0.272,0.045,0.0,0.869
9606.ENSP00000369375,9606.ENSP00000428340,TEK,ANGPT1,9606,0.999,0.0,0.0,0.0,0.163,0.889,0.9,0.999
9606.ENSP00000369442,9606.ENSP00000410294,KL,FGFR2,9606,0.806,0.0,0.0,0.0,0.062,0.16,0.4,0.639
9606.ENSP00000373574,9606.ENSP00000497290,ACVRL1,CDH5,9606,0.717,0.0,0.0,0.0,0.227,0.095,0.0,0.628
9606.ENSP00000376609,9606.ENSP00000398832,GRK5,AGTR1,9606,0.739,0.0,0.0,0.0,0.043,0.333,0.5,0.278
9606.ENSP00000379616,9606.ENSP00000401678,MYH11,MYOCD,9606,0.82,0.0,0.0,0.0,0.196,0.071,0.0,0.778
9606.ENSP00000379616,9606.ENSP00000386857,MYH11,ACTG2,9606,0.993,0.0,0.0,0.0,0.776,0.238,0.9,0.67
9606.ENSP00000384537,9606.ENSP00000428340,AKAP12,ANGPT1,9606,0.733,0.0,0.0,0.0,0.047,0.0,0.0,0.732
9606.ENSP00000385477,9606.ENSP00000497290,CLDN5,CDH5,9606,0.993,0.0,0.0,0.0,0.404,0.0,0.0,0.988
9606.ENSP00000389252,9606.ENSP00000422834,NPNT,FRAS1,9606,0.869,0.0,0.0,0.0,0.079,0.0,0.8,0.349
9606.ENSP00000401437,9606.ENSP00000433560,LDB3,CRYAB,9606,0.736,0.0,0.0,0.0,0.084,0.0,0.0,0.724
9606.ENSP00000410294,9606.ENSP00000428340,FGFR2,ANGPT1,9606,0.738,0.0,0.0,0.0,0.0,0.115,0.65,0.224
9606.ENSP00000410294,9606.ENSP00000414303,FGFR2,BDNF,9606,0.827,0.0,0.0,0.0,0.0,0.0,0.65,0.525
9606.ENSP00000414303,9606.ENSP00000480483,BDNF,NRN1,9606,0.825,0.0,0.0,0.0,0.042,0.0,0.0,0.825
9606.ENSP00000414303,9606.ENSP00000428994,BDNF,GRIA1,9606,0.828,0.0,0.0,0.0,0.047,0.0,0.0,0.827
9606.ENSP00000415743,9606.ENSP00000497642,CD36,LPL,9606,0.877,0.0,0.0,0.0,0.266,0.0,0.0,0.84
9606.ENSP00000417335,9606.ENSP00000422591,ROBO2,SLIT2,9606,0.999,0.0,0.0,0.0,0.13,0.406,0.9,0.999
9606.ENSP00000428340,9606.ENSP00000497290,ANGPT1,CDH5,9606,0.797,0.0,0.0,0.0,0.044,0.044,0.0,0.795
9606.ENSP00000480053,9606.ENSP00000497642,GPIHBP1,LPL,9606,0.999,0.0,0.0,0.0,0.122,0.966,0.7,0.998
9606.ENSP00000006053,9606.ENSP00000385675,CX3CL1,IL6,9606,0.735,0.0,0.0,0.0,0.064,0.0,0.0,0.729
9606.ENSP00000006053,9606.ENSP00000379140,CX3CL1,CXCL12,9606,0.893,0.0,0.0,0.0,0.068,0.0,0.5,0.789
9606.ENSP00000006053,9606.ENSP00000319635,CX3CL1,CXCR2,9606,0.915,0.0,0.0,0.0,0.0,0.0,0.65,0.769
9606.ENSP00000157600,9606.ENSP00000269216,LMCD1,GATA6,9606,0.963,0.0,0.0,0.0,0.067,0.095,0.9,0.622
9606.ENSP00000216133,9606.ENSP00000276925,CBX7,CDKN2B,9606,0.737,0.0,0.0,0.0,0.0,0.0,0.0,0.737
9606.ENSP00000216133,9606.ENSP00000254810,CBX7,H3-3B,9606,0.974,0.0,0.0,0.0,0.044,0.926,0.0,0.665
9606.ENSP00000219207,9606.ENSP00000375649,PLLP,MYADM,9606,0.915,0.0,0.0,0.0,0.0,0.0,0.0,0.915
9606.ENSP00000220772,9606.ENSP00000434034,SFRP1,FZD4,9606,0.742,0.0,0.0,0.0,0.067,0.0,0.65,0.275
9606.ENSP00000220772,9606.ENSP00000433112,SFRP1,DKK3,9606,0.775,0.0,0.0,0.0,0.143,0.0,0.0,0.748
9606.ENSP00000220772,9606.ENSP00000358698,SFRP1,WNT2B,9606,0.886,0.0,0.0,0.0,0.042,0.234,0.65,0.61
9606.ENSP00000220772,9606.ENSP00000265441,SFRP1,WNT2,9606,0.928,0.0,0.0,0.0,0.0,0.434,0.65,0.667
9606.ENSP00000221515,9606.ENSP00000385675,RETN,IL6,9606,0.809,0.0,0.0,0.0,0.044,0.0,0.0,0.809
9606.ENSP00000221515,9606.ENSP00000287820,RETN,PPARG,9606,0.858,0.0,0.0,0.0,0.044,0.0,0.0,0.858
9606.ENSP00000222390,9606.ENSP00000230990,HGF,HBEGF,9606,0.708,0.0,0.0,0.0,0.0,0.0,0.0,0.708
9606.ENSP00000222390,9606.ENSP00000379140,HGF,CXCL12,9606,0.751,0.0,0.0,0.0,0.072,0.0,0.0,0.743
9606.ENSP00000222390,9606.ENSP00000342235,HGF,ERBB4,9606,0.781,0.0,0.0,0.0,0.0,0.0,0.65,0.401
9606.ENSP00000222390,9606.ENSP00000262995,HGF,GAB1,9606,0.858,0.0,0.0,0.0,0.042,0.119,0.4,0.753
9606.ENSP00000222390,9606.ENSP00000385675,HGF,IL6,9606,0.86,0.0,0.0,0.0,0.059,0.0,0.4,0.773
9606.ENSP00000222390,9606.ENSP00000267843,HGF,FGF7,9606,0.894,0.0,0.0,0.0,0.08,0.0,0.0,0.889
9606.ENSP00000228438,9606.ENSP00000483713,CLEC2B,KLRF1,9606,0.996,0.0,0.0,0.086,0.098,0.129,0.7,0.987
9606.ENSP00000230990,9606.ENSP00000267843,HBEGF,FGF7,9606,0.72,0.0,0.0,0.0,0.0,0.0,0.0,0.72
9606.ENSP00000230990,9606.ENSP00000342235,HBEGF,ERBB4,9606,0.999,0.0,0.0,0.0,0.0,0.363,0.9,0.995
9606.ENSP00000231484,9606.ENSP00000367151,PCDH12,PCDH17,9606,0.733,0.0,0.0,0.101,0.166,0.628,0.0,0.156
9606.ENSP00000239223,9606.ENSP00000385675,DUSP1,IL6,9606,0.745,0.0,0.0,0.0,0.137,0.0,0.0,0.717
9606.ENSP00000239223,9606.ENSP00000344352,DUSP1,ATF3,9606,0.833,0.0,0.0,0.0,0.349,0.094,0.0,0.74
9606.ENSP00000239223,9606.ENSP00000306245,DUSP1,FOS,9606,0.961,0.0,0.0,0.0,0.801,0.13,0.0,0.795
9606.ENSP00000244043,9606.ENSP00000295256,PTGIS,HPGDS,9606,0.943,0.0,0.0,0.0,0.06,0.0,0.9,0.45
9606.ENSP00000244043,9606.ENSP00000360687,PTGIS,PTGDS,9606,0.956,0.0,0.0,0.0,0.06,0.0,0.9,0.578
9606.ENSP00000246792,9606.ENSP00000360431,RRAS,PLCE1,9606,0.93,0.0,0.0,0.0,0.067,0.176,0.9,0.206
9606.ENSP00000246792,9606.ENSP00000380271,RRAS,RAPGEF4,9606,0.936,0.0,0.0,0.0,0.0,0.178,0.9,0.286
9606.ENSP00000249750,9606.ENSP00000363832,ALDH1A2,AOX1,9606,0.938,0.0,0.0,0.0,0.112,0.0,0.9,0.36
9606.ENSP00000254810,9606.ENSP00000345681,H3-3B,GATA2,9606,0.702,0.0,0.0,0.0,0.0,0.094,0.5,0.396
9606.ENSP00000254810,9606.ENSP00000385675,H3-3B,IL6,9606,0.746,0.0,0.0,0.0,0.086,0.0,0.0,0.734
9606.ENSP00000254810,9606.ENSP00000306245,H3-3B,FOS,9606,0.813,0.0,0.0,0.0,0.096,0.112,0.5,0.591
9606.ENSP00000254810,9606.ENSP00000371638,H3-3B,SMARCA2,9606,0.824,0.0,0.0,0.0,0.056,0.302,0.0,0.755
9606.ENSP00000254810,9606.ENSP00000363822,H3-3B,AR,9606,0.839,0.0,0.0,0.0,0.0,0.042,0.5,0.69
9606.ENSP00000257818,9606.ENSP00000483921,LMO2,SSBP2,9606,0.802,0.0,0.0,0.0,0.048,0.531,0.0,0.593
9606.ENSP00000257818,9606.ENSP00000361813,LMO2,BEX1,9606,0.895,0.0,0.0,0.0,0.0,0.0,0.0,0.895
9606.ENSP00000257818,9606.ENSP00000345681,LMO2,GATA2,9606,0.997,0.0,0.0,0.0,0.0,0.329,0.5,0.994
9606.ENSP00000262995,9606.ENSP00000364995,GAB1,SHC3,9606,0.932,0.0,0.0,0.0,0.0,0.177,0.9,0.247
9606.ENSP00000263686,9606.ENSP00000379140,SELP,CXCL12,9606,0.749,0.0,0.0,0.0,0.093,0.0,0.0,0.735
9606.ENSP00000263686,9606.ENSP00000385675,SELP,IL6,9606,0.827,0.0,0.0,0.0,0.105,0.0,0.0,0.815
9606.ENSP00000263686,9606.ENSP00000310036,SELP,CD34,9606,0.832,0.0,0.0,0.0,0.151,0.0,0.0,0.81
9606.ENSP00000263686,9606.ENSP00000457421,SELP,PECAM1,9606,0.908,0.0,0.0,0.0,0.192,0.091,0.4,0.816
9606.ENSP00000263686,9606.ENSP00000331736,SELP,SELE,9606,0.937,0.0,0.0,0.08,0.21,0.0,0.0,0.921
9606.ENSP00000263734,9606.ENSP00000405890,EPAS1,PBX1,9606,0.719,0.0,0.0,0.0,0.042,0.0,0.5,0.46
9606.ENSP00000264036,9606.ENSP00000447006,MCAM,CNTN1,9606,0.711,0.0,0.0,0.0,0.059,0.541,0.0,0.385
9606.ENSP00000264036,9606.ENSP00000310036,MCAM,CD34,9606,0.789,0.0,0.0,0.0,0.111,0.0,0.0,0.773
9606.ENSP00000264036,9606.ENSP00000362299,MCAM,ENG,9606,0.834,0.0,0.0,0.0,0.081,0.0,0.0,0.827
9606.ENSP00000264036,9606.ENSP00000457421,MCAM,PECAM1,9606,0.852,0.0,0.0,0.0,0.062,0.0,0.0,0.849
9606.ENSP00000264245,9606.ENSP00000487174,ARHGAP31,ZEB2,9606,0.839,0.0,0.0,0.0,0.084,0.0,0.0,0.832
9606.ENSP00000264867,9606.ENSP00000287820,PPARGC1A,PPARG,9606,0.999,0.0,0.0,0.0,0.064,0.992,0.5,0.999
9606.ENSP00000265074,9606.ENSP00000444425,NPR3,ADGRD1,9606,0.711,0.0,0.0,0.0,0.044,0.0,0.0,0.711
9606.ENSP00000265441,9606.ENSP00000434034,WNT2,FZD4,9606,0.959,0.0,0.0,0.258,0.048,0.234,0.65,0.818
9606.ENSP00000267843,9606.ENSP00000351807,FGF7,ELN,9606,0.703,0.0,0.0,0.0,0.081,0.0,0.0,0.69
9606.ENSP00000267843,9606.ENSP00000355896,FGF7,TGFB2,9606,0.74,0.0,0.0,0.0,0.087,0.0,0.0,0.727
9606.ENSP00000267843,9606.ENSP00000385675,FGF7,IL6,9606,0.74,0.0,0.0,0.0,0.09,0.0,0.0,0.726
9606.ENSP00000267843,9606.ENSP00000457421,FGF7,PECAM1,9606,0.757,0.0,0.0,0.0,0.106,0.0,0.0,0.739
9606.ENSP00000267843,9606.ENSP00000342235,FGF7,ERBB4,9606,0.767,0.0,0.0,0.0,0.048,0.0,0.65,0.357
9606.ENSP00000269216,9606.ENSP00000309913,GATA6,TBX5,9606,0.766,0.0,0.0,0.0,0.057,0.068,0.0,0.755
9606.ENSP00000269216,9606.ENSP00000400341,GATA6,FOXA2,9606,0.858,0.0,0.0,0.0,0.091,0.091,0.0,0.842
9606.ENSP00000269216,9606.ENSP00000384179,GATA6,ZFPM2,9606,0.94,0.0,0.0,0.0,0.062,0.091,0.5,0.876
9606.ENSP00000272369,9606.ENSP00000405890,MEIS1,PBX1,9606,0.999,0.0,0.0,0.0,0.133,0.898,0.7,0.982
9606.ENSP00000276297,9606.ENSP00000319756,DLC1,TNS2,9606,0.992,0.0,0.0,0.0,0.083,0.926,0.0,0.904
9606.ENSP00000279022,9606.ENSP00000353590,MYL9,MYH10,9606,0.996,0.0,0.0,0.0,0.116,0.869,0.9,0.72
9606.ENSP00000281938,9606.ENSP00000364870,HSPB8,HSPB7,9606,0.912,0.0,0.0,0.0,0.191,0.696,0.0,0.671
9606.ENSP00000281938,9606.ENSP00000302476,HSPB8,HSPB2,9606,0.949,0.0,0.0,0.0,0.138,0.501,0.0,0.891
9606.ENSP00000283147,9606.ENSP00000385675,BMP6,IL6,9606,0.706,0.0,0.0,0.0,0.073,0.0,0.0,0.696
9606.ENSP00000283147,9606.ENSP00000369154,BMP6,SMAD9,9606,0.803,0.0,0.0,0.0,0.049,0.095,0.0,0.789
9606.ENSP00000284292,9606.ENSP00000384719,NRGN,VSNL1,9606,0.71,0.0,0.0,0.0,0.083,0.0,0.0,0.697
9606.ENSP00000287820,9606.ENSP00000455426,PPARG,ZNF423,9606,0.711,0.0,0.0,0.0,0.0,0.067,0.0,0.703
9606.ENSP00000287820,9606.ENSP00000368683,PPARG,EDN1,9606,0.724,0.0,0.0,0.0,0.042,0.0,0.0,0.724
9606.ENSP00000287820,9606.ENSP00000385675,PPARG,IL6,9606,0.82,0.0,0.0,0.0,0.082,0.0,0.0,0.812
9606.ENSP00000287820,9606.ENSP00000322898,PPARG,EBF1,9606,0.823,0.0,0.0,0.0,0.042,0.0,0.75,0.323
9606.ENSP00000287820,9606.ENSP00000371638,PPARG,SMARCA2,9606,0.912,0.0,0.0,0.0,0.055,0.066,0.9,0.122
9606.ENSP00000295256,9606.ENSP00000354357,HPGDS,GSTM3,9606,0.773,0.0,0.0,0.0,0.059,0.091,0.65,0.332
9606.ENSP00000295256,9606.ENSP00000360687,HPGDS,PTGDS,9606,0.991,0.0,0.0,0.0,0.087,0.0,0.9,0.91
9606.ENSP00000296424,9606.ENSP00000381654,BDH2,HMGCLL1,9606,0.94,0.0,0.0,0.0,0.068,0.0,0.918,0.276
9606.ENSP00000296518,9606.ENSP00000379496,GUCY1A1,PDE1C,9606,0.733,0.0,0.0,0.0,0.067,0.0,0.65,0.249
9606.ENSP00000296518,9606.ENSP00000334910,GUCY1A1,PDE2A,9606,0.787,0.0,0.0,0.0,0.073,0.126,0.683,0.266
9606.ENSP00000296694,9606.ENSP00000499683,SCGB3A2,SFTPB,9606,0.775,0.0,0.0,0.0,0.455,0.0,0.0,0.605
9606.ENSP00000302476,9606.ENSP00000363822,HSPB2,AR,9606,0.738,0.0,0.0,0.0,0.06,0.292,0.0,0.638
9606.ENSP00000302579,9606.ENSP00000377789,SCEL,SYNPO,9606,0.72,0.0,0.0,0.0,0.0,0.091,0.0,0.704
9606.ENSP00000303540,9606.ENSP00000344786,SCN1A,NFASC,9606,0.726,0.0,0.0,0.0,0.116,0.0,0.5,0.43
9606.ENSP00000306245,9606.ENSP00000385675,FOS,IL6,9606,0.891,0.0,0.0,0.0,0.14,0.0,0.0,0.879
9606.ENSP00000306245,9606.ENSP00000344352,FOS,ATF3,9606,0.994,0.0,0.0,0.0,0.47,0.353,0.0,0.984
9606.ENSP00000307959,9606.ENSP00000324532,DST,LAMA3,9606,0.839,0.0,0.0,0.0,0.08,0.053,0.5,0.674
9606.ENSP00000309913,9606.ENSP00000357348,TBX5,HEY2,9606,0.707,0.0,0.0,0.0,0.0,0.0,0.0,0.707
9606.ENSP00000309913,9606.ENSP00000484552,TBX5,GJA5,9606,0.808,0.0,0.0,0.0,0.061,0.0,0.0,0.804
9606.ENSP00000310036,9606.ENSP00000360281,CD34,C8B,9606,0.72,0.0,0.0,0.0,0.0,0.0,0.72,0.0
9606.ENSP00000310036,9606.ENSP00000345681,CD34,GATA2,9606,0.757,0.0,0.0,0.0,0.065,0.0,0.0,0.751
9606.ENSP00000310036,9606.ENSP00000385675,CD34,IL6,9606,0.83,0.0,0.0,0.0,0.082,0.0,0.0,0.822
9606.ENSP00000310036,9606.ENSP00000379140,CD34,CXCL12,9606,0.856,0.0,0.0,0.0,0.128,0.0,0.0,0.841
9606.ENSP00000310036,9606.ENSP00000362299,CD34,ENG,9606,0.919,0.0,0.0,0.0,0.101,0.0,0.0,0.913
9606.ENSP00000310036,9606.ENSP00000457421,CD34,PECAM1,9606,0.94,0.0,0.0,0.0,0.386,0.0,0.0,0.907
9606.ENSP00000310036,9606.ENSP00000331736,CD34,SELE,9606,0.953,0.0,0.0,0.0,0.11,0.0,0.0,0.949
9606.ENSP00000311300,9606.ENSP00000436423,CTSW,GNLY,9606,0.806,0.0,0.0,0.0,0.646,0.0,0.0,0.475
9606.ENSP00000312126,9606.ENSP00000379496,ADCY4,PDE1C,9606,0.715,0.0,0.0,0.0,0.0,0.0,0.65,0.219
9606.ENSP00000312126,9606.ENSP00000334910,ADCY4,PDE2A,9606,0.798,0.0,0.0,0.0,0.101,0.126,0.67,0.312
9606.ENSP00000312126,9606.ENSP00000380271,ADCY4,RAPGEF4,9606,0.956,0.0,0.0,0.0,0.108,0.0,0.9,0.554
9606.ENSP00000314724,9606.ENSP00000468002,PPFIBP1,KANK2,9606,0.782,0.0,0.0,0.0,0.139,0.329,0.0,0.653
9606.ENSP00000314724,9606.ENSP00000370593,PPFIBP1,PTPRD,9606,0.829,0.0,0.0,0.0,0.073,0.0,0.5,0.661
9606.ENSP00000314976,9606.ENSP00000385675,IL20RA,IL6,9606,0.752,0.0,0.0,0.0,0.0,0.0,0.65,0.323
9606.ENSP00000315011,9606.ENSP00000368683,EDNRA,EDN1,9606,0.999,0.0,0.0,0.0,0.056,0.994,0.9,0.999
9606.ENSP00000315474,9606.ENSP00000479580,GIMAP7,GIMAP6,9606,0.888,0.0,0.0,0.114,0.795,0.0,0.0,0.436
9606.ENSP00000319635,9606.ENSP00000385675,CXCR2,IL6,9606,0.812,0.0,0.0,0.0,0.081,0.0,0.0,0.804
9606.ENSP00000319635,9606.ENSP00000379140,CXCR2,CXCL12,9606,0.998,0.0,0.0,0.0,0.0,0.046,0.65,0.996
9606.ENSP00000322898,9606.ENSP00000455426,EBF1,ZNF423,9606,0.978,0.0,0.0,0.0,0.104,0.314,0.0,0.967
9606.ENSP00000326018,9606.ENSP00000367263,PRX,AHNAK,9606,0.941,0.0,0.0,0.0,0.062,0.08,0.0,0.938
9606.ENSP00000330382,9606.ENSP00000342235,PDGFB,ERBB4,9606,0.717,0.0,0.0,0.0,0.0,0.0,0.65,0.227
9606.ENSP00000331544,9606.ENSP00000378058,FBLN1,EFEMP1,9606,0.754,0.0,0.0,0.13,0.235,0.199,0.5,0.22
9606.ENSP00000331544,9606.ENSP00000351807,FBLN1,ELN,9606,0.904,0.0,0.0,0.0,0.206,0.331,0.0,0.834
9606.ENSP00000331544,9606.ENSP00000384491,FBLN1,RASSF8,9606,0.928,0.0,0.0,0.0,0.072,0.0,0.0,0.926
9606.ENSP00000331736,9606.ENSP00000379140,SELE,CXCL12,9606,0.727,0.0,0.0,0.0,0.09,0.0,0.0,0.713
9606.ENSP00000331736,9606.ENSP00000385675,SELE,IL6,9606,0.884,0.0,0.0,0.0,0.272,0.0,0.0,0.848
9606.ENSP00000331736,9606.ENSP00000457421,SELE,PECAM1,9606,0.959,0.0,0.0,0.0,0.098,0.091,0.0,0.954
9606.ENSP00000331902,9606.ENSP00000354960,COL4A5,COLGALT2,9606,0.832,0.0,0.0,0.0,0.044,0.612,0.5,0.205
9606.ENSP00000333845,9606.ENSP00000360210,C11orf88,C20orf85,9606,0.732,0.0,0.0,0.0,0.625,0.0,0.0,0.316
9606.ENSP00000338272,9606.ENSP00000364163,HEY1,NOTCH4,9606,0.911,0.0,0.0,0.0,0.12,0.071,0.4,0.841
9606.ENSP00000338272,9606.ENSP00000361943,HEY1,HEYL,9606,0.947,0.0,0.0,0.074,0.049,0.0,0.9,0.473
9606.ENSP00000338272,9606.ENSP00000357348,HEY1,HEY2,9606,0.989,0.0,0.0,0.0,0.085,0.828,0.9,0.394
9606.ENSP00000341442,9606.ENSP00000380524,SNTN,CAPSL,9606,0.752,0.0,0.0,0.0,0.631,0.0,0.0,0.356
9606.ENSP00000341442,9606.ENSP00000360210,SNTN,C20orf85,9606,0.771,0.0,0.0,0.0,0.771,0.0,0.0,0.0
9606.ENSP00000342235,9606.ENSP00000379140,ERBB4,CXCL12,9606,0.811,0.0,0.0,0.0,0.0,0.0,0.75,0.278
9606.ENSP00000342235,9606.ENSP00000364995,ERBB4,SHC3,9606,0.947,0.0,0.0,0.0,0.084,0.392,0.9,0.169
9606.ENSP00000343676,9606.ENSP00000467201,GJA4,GJC1,9606,0.896,0.0,0.0,0.0,0.042,0.091,0.36,0.836
9606.ENSP00000343676,9606.ENSP00000484552,GJA4,GJA5,9606,0.973,0.0,0.0,0.0,0.149,0.0,0.36,0.955
9606.ENSP00000343924,9606.ENSP00000356791,PRELP,DPT,9606,0.777,0.0,0.0,0.0,0.254,0.0,0.0,0.714
9606.ENSP00000344352,9606.ENSP00000385675,ATF3,IL6,9606,0.779,0.0,0.0,0.0,0.233,0.0,0.0,0.724
9606.ENSP00000344786,9606.ENSP00000447006,NFASC,CNTN1,9606,0.998,0.0,0.0,0.0,0.178,0.797,0.9,0.915
9606.ENSP00000345656,9606.ENSP00000376293,VAPA,OSBPL6,9606,0.811,0.0,0.0,0.0,0.0,0.598,0.0,0.549
9606.ENSP00000349490,9606.ENSP00000364163,MFNG,NOTCH4,9606,0.937,0.0,0.0,0.0,0.102,0.073,0.9,0.339
9606.ENSP00000354874,9606.ENSP00000413507,SEPTIN4,SEPTIN7,9606,0.998,0.0,0.065,0.0,0.0,0.791,0.9,0.92
9606.ENSP00000354874,9606.ENSP00000422896,SEPTIN4,SEPTIN11,9606,0.998,0.0,0.104,0.0,0.099,0.79,0.9,0.914
9606.ENSP00000354960,9606.ENSP00000381949,COLGALT2,COL13A1,9606,0.74,0.0,0.0,0.0,0.067,0.422,0.5,0.151
9606.ENSP00000355896,9606.ENSP00000362299,TGFB2,ENG,9606,0.71,0.0,0.0,0.0,0.0,0.0,0.0,0.71
9606.ENSP00000355896,9606.ENSP00000385675,TGFB2,IL6,9606,0.819,0.0,0.0,0.0,0.079,0.0,0.0,0.812
9606.ENSP00000356540,9606.ENSP00000436423,STX11,GNLY,9606,0.719,0.0,0.0,0.0,0.152,0.0,0.0,0.683
9606.ENSP00000357348,9606.ENSP00000364163,HEY2,NOTCH4,9606,0.896,0.0,0.0,0.0,0.098,0.071,0.4,0.818
9606.ENSP00000357348,9606.ENSP00000361943,HEY2,HEYL,9606,0.918,0.0,0.0,0.0,0.099,0.0,0.9,0.167
9606.ENSP00000358698,9606.ENSP00000433112,WNT2B,DKK3,9606,0.858,0.0,0.0,0.0,0.042,0.045,0.0,0.858
9606.ENSP00000358698,9606.ENSP00000434034,WNT2B,FZD4,9606,0.957,0.0,0.0,0.0,0.049,0.234,0.65,0.851
9606.ENSP00000360076,9606.ENSP00000379256,SGIP1,NCALD,9606,0.755,0.0,0.0,0.0,0.082,0.099,0.72,0.068
9606.ENSP00000360120,9606.ENSP00000434034,ROR1,FZD4,9606,0.769,0.0,0.0,0.0,0.063,0.113,0.65,0.299
9606.ENSP00000360764,9606.ENSP00000364163,EGFL7,NOTCH4,9606,0.844,0.0,0.0,0.0,0.168,0.253,0.0,0.77
9606.ENSP00000362299,9606.ENSP00000369154,ENG,SMAD9,9606,0.775,0.0,0.0,0.0,0.049,0.0,0.0,0.774
9606.ENSP00000362299,9606.ENSP00000457421,ENG,PECAM1,9606,0.923,0.0,0.0,0.245,0.197,0.0,0.0,0.883
9606.ENSP00000363117,9606.ENSP00000364995,FGR,SHC3,9606,0.917,0.0,0.0,0.0,0.055,0.073,0.9,0.17
9606.ENSP00000363822,9606.ENSP00000371638,AR,SMARCA2,9606,0.703,0.0,0.0,0.0,0.044,0.621,0.0,0.246
9606.ENSP00000363822,9606.ENSP00000400341,AR,FOXA2,9606,0.857,0.0,0.0,0.0,0.0,0.045,0.0,0.856
9606.ENSP00000363822,9606.ENSP00000405327,AR,ETV1,9606,0.884,0.0,0.0,0.0,0.042,0.0,0.0,0.883
9606.ENSP00000363832,9606.ENSP00000449535,AOX1,ACSS3,9606,0.816,0.0,0.0,0.0,0.077,0.0,0.8,0.085
9606.ENSP00000368683,9606.ENSP00000385675,EDN1,IL6,9606,0.765,0.0,0.0,0.0,0.128,0.0,0.0,0.742
9606.ENSP00000377545,9606.ENSP00000379256,C1QTNF2,NCALD,9606,0.751,0.0,0.0,0.0,0.0,0.747,0.0,0.057
9606.ENSP00000379140,9606.ENSP00000457421,CXCL12,PECAM1,9606,0.745,0.0,0.0,0.0,0.108,0.134,0.0,0.697
9606.ENSP00000379140,9606.ENSP00000385675,CXCL12,IL6,9606,0.811,0.0,0.0,0.0,0.13,0.0,0.0,0.792
9606.ENSP00000380308,9606.ENSP00000455791,DYNC1I2,DYNLRB2,9606,0.923,0.0,0.0,0.0,0.0,0.683,0.54,0.518
9606.ENSP00000380602,9606.ENSP00000418112,CNTN4,PTPRG,9606,0.96,0.0,0.0,0.0,0.053,0.797,0.0,0.81
9606.ENSP00000385675,9606.ENSP00000457421,IL6,PECAM1,9606,0.709,0.0,0.0,0.0,0.042,0.0,0.0,0.709
9606.ENSP00000385675,9606.ENSP00000398368,IL6,LIFR,9606,0.956,0.0,0.0,0.0,0.049,0.0,0.65,0.879
9606.ENSP00000405890,9606.ENSP00000484803,PBX1,FOXP1,9606,0.861,0.0,0.0,0.0,0.054,0.0,0.8,0.327
9606.ENSP00000413507,9606.ENSP00000422896,SEPTIN7,SEPTIN11,9606,0.999,0.0,0.0,0.094,0.728,0.917,0.9,0.799
9606.ENSP00000419449,9606.ENSP00000425915,EIF1,SELENOP,9606,0.703,0.0,0.0,0.0,0.086,0.644,0.0,0.162
9606.ENSP00000436423,9606.ENSP00000483713,GNLY,KLRF1,9606,0.744,0.0,0.0,0.0,0.525,0.0,0.0,0.484
9606.ENSP00000467201,9606.ENSP00000484552,GJC1,GJA5,9606,0.991,0.0,0.0,0.0,0.057,0.0,0.54,0.983
9606.ENSP00000477920,9606.ENSP00000479580,GIMAP1-GIMAP5,GIMAP6,9606,0.749,0.0,0.0,0.133,0.7,0.0,0.0,0.114
9606.ENSP00000482581,9606.ENSP00000487174,TWIST2,ZEB2,9606,0.748,0.0,0.0,0.0,0.042,0.0,0.0,0.747
9606.ENSP00000003084,9606.ENSP00000331915,CFTR,RFLNB,9606,0.707,0.0,0.0,0.0,0.0,0.0,0.0,0.707
9606.ENSP00000003084,9606.ENSP00000261890,CFTR,RAB11A,9606,0.709,0.0,0.0,0.0,0.062,0.516,0.0,0.41
9606.ENSP00000003084,9606.ENSP00000347454,CFTR,ANO1,9606,0.882,0.0,0.0,0.0,0.0,0.292,0.0,0.84
9606.ENSP00000003084,9606.ENSP00000300061,CFTR,SCNN1G,9606,0.886,0.0,0.0,0.0,0.048,0.0,0.0,0.886
9606.ENSP00000003084,9606.ENSP00000408005,CFTR,SLC9A3R2,9606,0.975,0.0,0.0,0.0,0.067,0.776,0.0,0.891
9606.ENSP00000009530,9606.ENSP00000365817,CD74,HLA-E,9606,0.764,0.0,0.0,0.0,0.325,0.0,0.54,0.303
9606.ENSP00000009530,9606.ENSP00000357494,CD74,ROS1,9606,0.776,0.0,0.0,0.0,0.0,0.0,0.0,0.776
9606.ENSP00000009530,9606.ENSP00000410746,CD74,DOCK4,9606,0.909,0.061,0.0,0.0,0.677,0.701,0.0,0.12
9606.ENSP00000009530,9606.ENSP00000429374,CD74,RPS20,9606,0.981,0.102,0.0,0.0,0.827,0.841,0.0,0.343
9606.ENSP00000205948,9606.ENSP00000323929,APOH,A2M,9606,0.752,0.0,0.0,0.0,0.216,0.0,0.0,0.697
9606.ENSP00000205948,9606.ENSP00000387654,APOH,PCYOX1,9606,0.781,0.0,0.0,0.0,0.044,0.0,0.72,0.25
9606.ENSP00000205948,9606.ENSP00000363089,APOH,TLR4,9606,0.842,0.0,0.0,0.0,0.0,0.045,0.0,0.842
9606.ENSP00000221978,9606.ENSP00000398568,NKG7,PRF1,9606,0.933,0.0,0.0,0.0,0.883,0.0,0.0,0.449
9606.ENSP00000222982,9606.ENSP00000256593,CYP3A5,GSTM5,9606,0.715,0.0,0.0,0.0,0.087,0.0,0.65,0.179
9606.ENSP00000222982,9606.ENSP00000307259,CYP3A5,P2RY12,9606,0.726,0.0,0.0,0.0,0.0,0.0,0.0,0.726
9606.ENSP00000222982,9606.ENSP00000297785,CYP3A5,ALDH1A1,9606,0.933,0.0,0.003,0.0,0.095,0.045,0.91,0.244
9606.ENSP00000225474,9606.ENSP00000363089,CSF3,TLR4,9606,0.757,0.0,0.0,0.0,0.0,0.0,0.0,0.757
9606.ENSP00000225474,9606.ENSP00000306157,CSF3,IL7R,9606,0.79,0.0,0.0,0.0,0.049,0.0,0.65,0.42
9606.ENSP00000225474,9606.ENSP00000370698,CSF3,IL6ST,9606,0.827,0.0,0.0,0.0,0.0,0.0,0.65,0.527
9606.ENSP00000225474,9606.ENSP00000427279,CSF3,CXCL2,9606,0.897,0.0,0.0,0.0,0.222,0.0,0.4,0.797
9606.ENSP00000227163,9606.ENSP00000268679,SPI1,CBFA2T3,9606,0.797,0.0,0.0,0.0,0.147,0.092,0.0,0.76
9606.ENSP00000227163,9606.ENSP00000433488,SPI1,FLI1,9606,0.848,0.0,0.0,0.0,0.175,0.0,0.8,0.153
9606.ENSP00000228938,9606.ENSP00000377783,MGP,PROS1,9606,0.88,0.0,0.0,0.0,0.1,0.0,0.0,0.872
9606.ENSP00000230538,9606.ENSP00000354923,LAMA4,DMD,9606,0.702,0.0,0.0,0.0,0.071,0.0,0.5,0.409
9606.ENSP00000230538,9606.ENSP00000400365,LAMA4,LAMA2,9606,0.768,0.0,0.0,0.0,0.163,0.0,0.4,0.575
9606.ENSP00000230538,9606.ENSP00000353654,LAMA4,COL4A2,9606,0.798,0.0,0.0,0.0,0.264,0.068,0.0,0.729
9606.ENSP00000232974,9606.ENSP00000268679,ZBTB47,CBFA2T3,9606,0.78,0.0,0.0,0.0,0.051,0.37,0.0,0.662
9606.ENSP00000241261,9606.ENSP00000293825,TNFSF10,TNFSF12,9606,0.744,0.0,0.0,0.0,0.072,0.0,0.0,0.736
9606.ENSP00000241261,9606.ENSP00000398568,TNFSF10,PRF1,9606,0.776,0.0,0.0,0.0,0.085,0.0,0.0,0.766
9606.ENSP00000241261,9606.ENSP00000312455,TNFSF10,CFLAR,9606,0.977,0.0,0.0,0.0,0.137,0.833,0.5,0.719
9606.ENSP00000242729,9606.ENSP00000370839,SSPN,SGCB,9606,0.939,0.0,0.0,0.0,0.067,0.0,0.72,0.787
9606.ENSP00000242729,9606.ENSP00000496268,SSPN,SGCE,9606,0.984,0.0,0.0,0.0,0.135,0.0,0.72,0.939
9606.ENSP00000242729,9606.ENSP00000354923,SSPN,DMD,9606,0.998,0.0,0.0,0.0,0.056,0.0,0.72,0.996
9606.ENSP00000249700,9606.ENSP00000467141,TMOD2,TTN,9606,0.703,0.0,0.0,0.0,0.054,0.0,0.0,0.699
9606.ENSP00000249700,9606.ENSP00000349588,TMOD2,ANK2,9606,0.727,0.0,0.0,0.0,0.129,0.0,0.0,0.699
9606.ENSP00000254958,9606.ENSP00000263923,JAG1,KDR,9606,0.701,0.0,0.0,0.0,0.076,0.0,0.0,0.689
9606.ENSP00000259365,9606.ENSP00000349588,TMOD1,ANK2,9606,0.717,0.0,0.0,0.0,0.044,0.0,0.0,0.716
9606.ENSP00000259365,9606.ENSP00000375857,TMOD1,LRRFIP1,9606,0.779,0.0,0.0,0.0,0.0,0.776,0.0,0.057
9606.ENSP00000259365,9606.ENSP00000467141,TMOD1,TTN,9606,0.805,0.0,0.0,0.0,0.064,0.0,0.0,0.8
9606.ENSP00000261889,9606.ENSP00000368831,SNX1,SNX2,9606,0.999,0.0,0.0,0.058,0.067,0.84,0.9,0.984
9606.ENSP00000261890,9606.ENSP00000354884,RAB11A,RASSF9,9606,0.718,0.0,0.0,0.0,0.0,0.0,0.0,0.718
9606.ENSP00000261890,9606.ENSP00000331342,RAB11A,RAB11FIP1,9606,0.999,0.0,0.0,0.0,0.096,0.86,0.9,0.986
9606.ENSP00000263212,9606.ENSP00000499717,PPM1F,CALM1,9606,0.783,0.0,0.0,0.0,0.0,0.126,0.75,0.09
9606.ENSP00000263923,9606.ENSP00000341815,KDR,SOX18,9606,0.74,0.0,0.0,0.0,0.546,0.0,0.0,0.45
9606.ENSP00000263923,9606.ENSP00000493716,KDR,EFNB2,9606,0.77,0.0,0.0,0.0,0.084,0.0,0.0,0.76
9606.ENSP00000263923,9606.ENSP00000391826,KDR,IGF2,9606,0.862,0.0,0.0,0.0,0.066,0.0,0.65,0.614
9606.ENSP00000263923,9606.ENSP00000428056,KDR,PIK3R1,9606,0.943,0.0,0.0,0.0,0.049,0.153,0.9,0.377
9606.ENSP00000263923,9606.ENSP00000282397,KDR,FLT1,9606,0.994,0.0,0.0,0.07,0.329,0.51,0.0,0.984
9606.ENSP00000263923,9606.ENSP00000480043,KDR,VEGFC,9606,0.999,0.0,0.0,0.0,0.057,0.958,0.7,0.999
9606.ENSP00000264773,9606.ENSP00000499717,KCNN2,CALM1,9606,0.978,0.0,0.0,0.0,0.0,0.959,0.0,0.483
9606.ENSP00000278407,9606.ENSP00000347197,SERPING1,C5AR1,9606,0.756,0.0,0.0,0.0,0.058,0.0,0.0,0.751
9606.ENSP00000278407,9606.ENSP00000323929,SERPING1,A2M,9606,0.905,0.0,0.0,0.0,0.17,0.0,0.0,0.89
9606.ENSP00000282096,9606.ENSP00000312185,PDE3B,ELMO1,9606,0.735,0.0,0.0,0.0,0.062,0.0,0.72,0.075
9606.ENSP00000282096,9606.ENSP00000426786,PDE3B,GUCY1B1,9606,0.772,0.0,0.0,0.0,0.111,0.126,0.672,0.211
9606.ENSP00000282096,9606.ENSP00000294016,PDE3B,ADCY9,9606,0.822,0.0,0.0,0.0,0.055,0.126,0.67,0.424
9606.ENSP00000282397,9606.ENSP00000493716,FLT1,EFNB2,9606,0.764,0.0,0.0,0.0,0.067,0.0,0.0,0.758
9606.ENSP00000282397,9606.ENSP00000391826,FLT1,IGF2,9606,0.85,0.0,0.0,0.0,0.0,0.0,0.65,0.589
9606.ENSP00000282397,9606.ENSP00000428056,FLT1,PIK3R1,9606,0.909,0.0,0.0,0.0,0.0,0.67,0.65,0.281
9606.ENSP00000282397,9606.ENSP00000480043,FLT1,VEGFC,9606,0.999,0.0,0.0,0.0,0.043,0.048,0.65,0.998
9606.ENSP00000284767,9606.ENSP00000467141,PDLIM3,TTN,9606,0.759,0.0,0.0,0.0,0.181,0.067,0.0,0.71
9606.ENSP00000287934,9606.ENSP00000324806,FZD1,GSK3B,9606,0.851,0.0,0.0,0.0,0.049,0.25,0.54,0.599
9606.ENSP00000294016,9606.ENSP00000312999,ADCY9,GNAI2,9606,0.875,0.0,0.0,0.0,0.05,0.131,0.65,0.619
9606.ENSP00000294016,9606.ENSP00000358513,ADCY9,CNR1,9606,0.9,0.0,0.0,0.0,0.0,0.0,0.9,0.0
9606.ENSP00000294489,9606.ENSP00000367817,PDPN,PODXL,9606,0.703,0.0,0.0,0.0,0.072,0.0,0.0,0.694
9606.ENSP00000294489,9606.ENSP00000480043,PDPN,VEGFC,9606,0.734,0.0,0.0,0.0,0.083,0.0,0.0,0.722
9606.ENSP00000295824,9606.ENSP00000341346,EFHB,TEKT1,9606,0.856,0.0,0.0,0.0,0.241,0.817,0.0,0.046
9606.ENSP00000296026,9606.ENSP00000427279,CXCL3,CXCL2,9606,0.995,0.0,0.0,0.051,0.781,0.61,0.9,0.555
9606.ENSP00000298743,9606.ENSP00000332353,GAS1,PTCH1,9606,0.998,0.0,0.0,0.0,0.043,0.0,0.9,0.983
9606.ENSP00000300061,9606.ENSP00000350815,SCNN1G,NR3C2,9606,0.858,0.0,0.0,0.0,0.049,0.0,0.0,0.857
9606.ENSP00000301464,9606.ENSP00000391826,IGFBP6,IGF2,9606,0.999,0.0,0.0,0.0,0.126,0.421,0.7,0.997
9606.ENSP00000303208,9606.ENSP00000446280,PCSK9,PCSK5,9606,0.867,0.0,0.0,0.0,0.0,0.0,0.0,0.867
9606.ENSP00000306157,9606.ENSP00000428056,IL7R,PIK3R1,9606,0.711,0.0,0.0,0.0,0.05,0.292,0.5,0.244
9606.ENSP00000306157,9606.ENSP00000398568,IL7R,PRF1,9606,0.713,0.0,0.0,0.0,0.184,0.0,0.0,0.663
9606.ENSP00000306157,9606.ENSP00000349967,IL7R,CCRL2,9606,0.83,0.0,0.0,0.0,0.13,0.0,0.0,0.813
9606.ENSP00000307259,9606.ENSP00000376553,P2RY12,TMEM119,9606,0.868,0.0,0.0,0.0,0.049,0.0,0.0,0.867
9606.ENSP00000307259,9606.ENSP00000320376,P2RY12,P2RY13,9606,0.901,0.0,0.0,0.0,0.688,0.0,0.5,0.417
9606.ENSP00000307259,9606.ENSP00000312999,P2RY12,GNAI2,9606,0.946,0.0,0.0,0.0,0.0,0.0,0.9,0.482
9606.ENSP00000312185,9606.ENSP00000410746,ELMO1,DOCK4,9606,0.935,0.0,0.0,0.215,0.048,0.861,0.0,0.449
9606.ENSP00000312999,9606.ENSP00000475344,GNAI2,APLNR,9606,0.836,0.0,0.0,0.0,0.044,0.513,0.65,0.115
9606.ENSP00000312999,9606.ENSP00000347197,GNAI2,C5AR1,9606,0.847,0.0,0.0,0.0,0.08,0.633,0.0,0.583
9606.ENSP00000312999,9606.ENSP00000428056,GNAI2,PIK3R1,9606,0.915,0.0,0.0,0.0,0.047,0.0,0.9,0.186
9606.ENSP00000312999,9606.ENSP00000358513,GNAI2,CNR1,9606,0.993,0.0,0.0,0.0,0.0,0.932,0.9,0.045
9606.ENSP00000316029,9606.ENSP00000342858,TLN1,FERMT2,9606,0.705,0.0,0.0,0.0,0.053,0.0,0.0,0.701
9606.ENSP00000316029,9606.ENSP00000390535,TLN1,PRKD1,9606,0.71,0.0,0.0,0.0,0.0,0.0,0.0,0.71
9606.ENSP00000316029,9606.ENSP00000378332,TLN1,TGFB1I1,9606,0.764,0.0,0.0,0.0,0.134,0.0,0.0,0.739
9606.ENSP00000316029,9606.ENSP00000467141,TLN1,TTN,9606,0.791,0.0,0.0,0.0,0.0,0.0,0.4,0.666
9606.ENSP00000316029,9606.ENSP00000354923,TLN1,DMD,9606,0.836,0.0,0.0,0.0,0.067,0.095,0.0,0.821
9606.ENSP00000316029,9606.ENSP00000334008,TLN1,PARVA,9606,0.939,0.0,0.0,0.0,0.048,0.0,0.0,0.938
9606.ENSP00000316029,9606.ENSP00000324422,TLN1,ZYX,9606,0.999,0.0,0.0,0.0,0.546,0.0,0.0,0.999
9606.ENSP00000320434,9606.ENSP00000354923,CTNNAL1,DMD,9606,0.923,0.0,0.0,0.0,0.084,0.829,0.0,0.548
9606.ENSP00000324422,9606.ENSP00000355809,ZYX,ENAH,9606,0.923,0.0,0.0,0.0,0.066,0.832,0.0,0.548
9606.ENSP00000324806,9606.ENSP00000368880,GSK3B,FOXO1,9606,0.814,0.0,0.0,0.0,0.0,0.42,0.0,0.692
9606.ENSP00000324806,9606.ENSP00000370527,GSK3B,RCAN1,9606,0.842,0.0,0.0,0.0,0.0,0.627,0.0,0.594
9606.ENSP00000324806,9606.ENSP00000427985,GSK3B,DPYSL2,9606,0.989,0.0,0.0,0.0,0.088,0.311,0.9,0.848
9606.ENSP00000329797,9606.ENSP00000370483,CADM1,NLGN4X,9606,0.725,0.0,0.0,0.0,0.074,0.127,0.0,0.687
9606.ENSP00000329797,9606.ENSP00000343158,CADM1,EPB41L3,9606,0.99,0.0,0.0,0.0,0.067,0.934,0.0,0.857
9606.ENSP00000333212,9606.ENSP00000356438,CYP2U1,PTGS2,9606,0.902,0.0,0.0,0.0,0.056,0.0,0.9,0.052
9606.ENSP00000333212,9606.ENSP00000363512,CYP2U1,ALOX5,9606,0.91,0.0,0.0,0.0,0.062,0.065,0.9,0.103
9606.ENSP00000334008,9606.ENSP00000378332,PARVA,TGFB1I1,9606,0.724,0.0,0.0,0.0,0.155,0.052,0.0,0.683
9606.ENSP00000334008,9606.ENSP00000342858,PARVA,FERMT2,9606,0.893,0.0,0.0,0.0,0.206,0.354,0.0,0.809
9606.ENSP00000334308,9606.ENSP00000356224,SYNE3,SYNE1,9606,0.936,0.0,0.0,0.0,0.067,0.07,0.9,0.355
9606.ENSP00000340684,9606.ENSP00000500990,MAOA,SNCA,9606,0.71,0.0,0.0,0.0,0.057,0.0,0.0,0.706
9606.ENSP00000341346,9606.ENSP00000362869,TEKT1,MORN5,9606,0.745,0.0,0.0,0.0,0.646,0.0,0.0,0.309
9606.ENSP00000341815,9606.ENSP00000377721,SOX18,NR2F2,9606,0.805,0.0,0.0,0.0,0.087,0.071,0.0,0.789
9606.ENSP00000343158,9606.ENSP00000357110,EPB41L3,EPB41L2,9606,0.848,0.0,0.0,0.0,0.054,0.693,0.5,0.081
9606.ENSP00000345193,9606.ENSP00000370483,SHANK2,NLGN4X,9606,0.964,0.0,0.0,0.0,0.074,0.053,0.5,0.929
9606.ENSP00000346151,9606.ENSP00000370483,MAGI2,NLGN4X,9606,0.763,0.0,0.0,0.0,0.082,0.119,0.0,0.73
9606.ENSP00000346151,9606.ENSP00000385450,MAGI2,MAGI1,9606,0.922,0.0,0.0,0.0,0.073,0.168,0.9,0.109
9606.ENSP00000347454,9606.ENSP00000354826,ANO1,CALD1,9606,0.729,0.0,0.0,0.0,0.074,0.0,0.0,0.72
9606.ENSP00000349588,9606.ENSP00000354923,ANK2,DMD,9606,0.76,0.0,0.0,0.0,0.085,0.294,0.0,0.658
9606.ENSP00000349588,9606.ENSP00000467141,ANK2,TTN,9606,0.935,0.0,0.0,0.0,0.047,0.079,0.0,0.932
9606.ENSP00000349967,9606.ENSP00000418009,CCRL2,RARRES2,9606,0.996,0.0,0.0,0.0,0.0,0.0,0.0,0.996
9606.ENSP00000350815,9606.ENSP00000355995,NR3C2,HSD11B1,9606,0.805,0.0,0.0,0.0,0.063,0.0,0.0,0.8
9606.ENSP00000351905,9606.ENSP00000356954,TGFBR2,CCN2,9606,0.748,0.0,0.0,0.0,0.072,0.0,0.0,0.739
9606.ENSP00000351905,9606.ENSP00000428056,TGFBR2,PIK3R1,9606,0.772,0.0,0.0,0.0,0.081,0.648,0.0,0.353
9606.ENSP00000353344,9606.ENSP00000365280,ETS2,ID1,9606,0.958,0.0,0.0,0.0,0.074,0.0,0.9,0.587
9606.ENSP00000353654,9606.ENSP00000405453,COL4A2,MSR1,9606,0.823,0.0,0.0,0.131,0.054,0.614,0.5,0.058
9606.ENSP00000354826,9606.ENSP00000499717,CALD1,CALM1,9606,0.722,0.0,0.0,0.0,0.0,0.354,0.5,0.209
9606.ENSP00000354826,9606.ENSP00000376678,CALD1,TAGLN,9606,0.794,0.0,0.0,0.0,0.28,0.0,0.0,0.726
9606.ENSP00000354826,9606.ENSP00000356257,CALD1,LMOD1,9606,0.894,0.0,0.0,0.0,0.127,0.195,0.8,0.34
9606.ENSP00000354923,9606.ENSP00000386439,DMD,SYNC,9606,0.792,0.0,0.0,0.0,0.056,0.061,0.0,0.785
9606.ENSP00000354923,9606.ENSP00000467141,DMD,TTN,9606,0.857,0.0,0.0,0.0,0.099,0.0,0.0,0.848
9606.ENSP00000354923,9606.ENSP00000400365,DMD,LAMA2,9606,0.978,0.0,0.0,0.0,0.074,0.0,0.5,0.957
9606.ENSP00000354923,9606.ENSP00000496268,DMD,SGCE,9606,0.981,0.0,0.0,0.0,0.049,0.113,0.9,0.808
9606.ENSP00000354923,9606.ENSP00000370839,DMD,SGCB,9606,0.992,0.0,0.0,0.0,0.059,0.0,0.9,0.922
9606.ENSP00000356037,9606.ENSP00000377783,C4BPA,PROS1,9606,0.801,0.0,0.0,0.0,0.047,0.0,0.5,0.617
9606.ENSP00000356224,9606.ENSP00000467141,SYNE1,TTN,9606,0.706,0.0,0.0,0.0,0.097,0.071,0.0,0.677
9606.ENSP00000356257,9606.ENSP00000376678,LMOD1,TAGLN,9606,0.757,0.0,0.0,0.0,0.374,0.0,0.0,0.628
9606.ENSP00000356438,9606.ENSP00000364249,PTGS2,PLA2G5,9606,0.726,0.0,0.0,0.0,0.0,0.0,0.65,0.251
9606.ENSP00000356438,9606.ENSP00000363089,PTGS2,TLR4,9606,0.787,0.0,0.0,0.0,0.179,0.0,0.0,0.751
9606.ENSP00000356438,9606.ENSP00000427279,PTGS2,CXCL2,9606,0.819,0.0,0.0,0.0,0.46,0.0,0.0,0.679
9606.ENSP00000356438,9606.ENSP00000363512,PTGS2,ALOX5,9606,0.973,0.0,0.0,0.0,0.072,0.0,0.9,0.741
9606.ENSP00000356954,9606.ENSP00000376678,CCN2,TAGLN,9606,0.756,0.0,0.0,0.0,0.364,0.0,0.0,0.632
9606.ENSP00000356954,9606.ENSP00000398736,CCN2,CCN1,9606,0.816,0.0,0.0,0.074,0.789,0.0,0.0,0.132
9606.ENSP00000357307,9606.ENSP00000418572,SYT11,VAMP2,9606,0.765,0.0,0.0,0.0,0.105,0.089,0.5,0.492
9606.ENSP00000357494,9606.ENSP00000370989,ROS1,CD274,9606,0.761,0.0,0.0,0.0,0.045,0.0,0.0,0.76
9606.ENSP00000357721,9606.ENSP00000363089,S100A8,TLR4,9606,0.907,0.0,0.0,0.0,0.183,0.093,0.5,0.779
9606.ENSP00000358513,9606.ENSP00000409581,CNR1,ARRB1,9606,0.757,0.0,0.0,0.0,0.049,0.108,0.0,0.737
9606.ENSP00000359799,9606.ENSP00000378199,DNAJB4,HSPA2,9606,0.84,0.041,0.0,0.399,0.262,0.527,0.162,0.231
9606.ENSP00000363089,9606.ENSP00000500990,TLR4,SNCA,9606,0.752,0.0,0.0,0.0,0.093,0.051,0.0,0.734
9606.ENSP00000363089,9606.ENSP00000455897,TLR4,MRC1,9606,0.79,0.0,0.0,0.0,0.153,0.045,0.0,0.761
9606.ENSP00000363089,9606.ENSP00000427279,TLR4,CXCL2,9606,0.849,0.0,0.0,0.0,0.091,0.0,0.0,0.84
9606.ENSP00000363089,9606.ENSP00000385428,TLR4,NLRC4,9606,0.881,0.0,0.0,0.0,0.331,0.0,0.0,0.829
9606.ENSP00000363089,9606.ENSP00000428056,TLR4,PIK3R1,9606,0.925,0.0,0.0,0.0,0.062,0.0,0.9,0.271
9606.ENSP00000363089,9606.ENSP00000479256,TLR4,TRIL,9606,0.957,0.0,0.0,0.0,0.042,0.292,0.9,0.453
9606.ENSP00000363512,9606.ENSP00000364249,ALOX5,PLA2G5,9606,0.718,0.0,0.0,0.0,0.049,0.0,0.65,0.223
9606.ENSP00000363512,9606.ENSP00000479870,ALOX5,ALOX5AP,9606,0.998,0.0,0.0,0.0,0.359,0.621,0.5,0.991
9606.ENSP00000365817,9606.ENSP00000398568,HLA-E,PRF1,9606,0.837,0.0,0.0,0.259,0.152,0.416,0.0,0.609
9606.ENSP00000367817,9606.ENSP00000408005,PODXL,SLC9A3R2,9606,0.989,0.0,0.0,0.0,0.062,0.786,0.0,0.953
9606.ENSP00000368880,9606.ENSP00000444198,FOXO1,CITED2,9606,0.816,0.0,0.0,0.0,0.049,0.0,0.75,0.29
9606.ENSP00000370698,9606.ENSP00000428056,IL6ST,PIK3R1,9606,0.944,0.0,0.0,0.0,0.149,0.292,0.9,0.182
9606.ENSP00000370839,9606.ENSP00000400365,SGCB,LAMA2,9606,0.703,0.0,0.0,0.0,0.07,0.0,0.0,0.694
9606.ENSP00000370839,9606.ENSP00000496268,SGCB,SGCE,9606,0.993,0.0,0.0,0.0,0.152,0.0,0.9,0.928
9606.ENSP00000370989,9606.ENSP00000398568,CD274,PRF1,9606,0.719,0.0,0.0,0.0,0.049,0.0,0.0,0.717
9606.ENSP00000389140,9606.ENSP00000406022,DCC,UNC5C,9606,0.92,0.0,0.0,0.0,0.066,0.102,0.8,0.58
9606.ENSP00000391826,9606.ENSP00000413720,IGF2,CDKN1C,9606,0.907,0.0,0.0,0.0,0.089,0.0,0.0,0.903
9606.ENSP00000405453,9606.ENSP00000455897,MSR1,MRC1,9606,0.795,0.0,0.0,0.0,0.257,0.091,0.0,0.721
9606.ENSP00000410746,9606.ENSP00000429374,DOCK4,RPS20,9606,0.977,0.071,0.0,0.0,0.829,0.837,0.0,0.228
9606.ENSP00000418009,9606.ENSP00000449716,RARRES2,CMKLR1,9606,0.999,0.0,0.0,0.0,0.047,0.0,0.0,0.999
9606.ENSP00000418572,9606.ENSP00000450857,VAMP2,STON2,9606,0.747,0.0,0.0,0.0,0.0,0.091,0.5,0.488
9606.ENSP00000418572,9606.ENSP00000500990,VAMP2,SNCA,9606,0.979,0.0,0.0,0.0,0.126,0.666,0.0,0.936
9606.ENSP00000418944,9606.ENSP00000496268,PEG10,SGCE,9606,0.952,0.0,0.0,0.0,0.654,0.0,0.0,0.869
9606.ENSP00000440864,9606.ENSP00000482027,NR4A1,NR4A3,9606,0.817,0.0,0.0,0.083,0.79,0.0,0.0,0.127
9606.ENSP00000467141,9606.ENSP00000499717,TTN,CALM1,9606,0.795,0.0,0.0,0.0,0.0,0.473,0.4,0.404
9606.ENSP00000480043,9606.ENSP00000493716,VEGFC,EFNB2,9606,0.757,0.0,0.0,0.0,0.085,0.0,0.0,0.746
9606.ENSP00000496954,9606.ENSP00000499717,MYO1C,CALM1,9606,0.927,0.0,0.0,0.0,0.0,0.268,0.9,0.088
9606.ENSP00000499717,9606.ENSP00000500990,CALM1,SNCA,9606,0.973,0.0,0.0,0.0,0.044,0.948,0.0,0.506
9606.ENSP00000052754,9606.ENSP00000264187,DCN,NID1,9606,0.724,0.0,0.0,0.0,0.163,0.045,0.0,0.683
9606.ENSP00000052754,9606.ENSP00000257290,DCN,PDGFRA,9606,0.826,0.0,0.0,0.0,0.733,0.071,0.0,0.354
9606.ENSP00000052754,9606.ENSP00000231061,DCN,SPARC,9606,0.905,0.0,0.0,0.0,0.734,0.0,0.0,0.659
9606.ENSP00000052754,9606.ENSP00000347041,DCN,FMOD,9606,0.938,0.0,0.0,0.19,0.358,0.0,0.0,0.89
9606.ENSP00000075120,9606.ENSP00000445929,SLC2A3,SLC2A14,9606,0.868,0.0,0.0,0.047,0.777,0.422,0.0,0.054
9606.ENSP00000078429,9606.ENSP00000360021,GNA11,GNG12,9606,0.719,0.0,0.0,0.0,0.092,0.292,0.54,0.163
9606.ENSP00000078429,9606.ENSP00000371594,GNA11,GNG7,9606,0.727,0.0,0.0,0.0,0.047,0.292,0.54,0.224
9606.ENSP00000078429,9606.ENSP00000380942,GNA11,ARHGEF12,9606,0.802,0.0,0.0,0.0,0.079,0.0,0.0,0.794
9606.ENSP00000078429,9606.ENSP00000393333,GNA11,TBXA2R,9606,0.862,0.0,0.0,0.0,0.042,0.547,0.65,0.202
9606.ENSP00000078429,9606.ENSP00000402723,GNA11,PTH1R,9606,0.936,0.0,0.0,0.0,0.072,0.223,0.9,0.222
9606.ENSP00000078429,9606.ENSP00000334448,GNA11,GNG2,9606,0.948,0.0,0.0,0.0,0.0,0.87,0.54,0.201
9606.ENSP00000078429,9606.ENSP00000286548,GNA11,GNAQ,9606,0.973,0.0,0.0,0.048,0.054,0.0,0.9,0.743
9606.ENSP00000216338,9606.ENSP00000338130,GZMH,KLRD1,9606,0.877,0.0,0.0,0.0,0.779,0.046,0.0,0.463
9606.ENSP00000228434,9606.ENSP00000433642,CD69,FCGR3B,9606,0.823,0.0,0.0,0.0,0.12,0.0,0.0,0.807
9606.ENSP00000228434,9606.ENSP00000356946,CD69,FCGR3A,9606,0.826,0.0,0.0,0.0,0.122,0.0,0.0,0.81
9606.ENSP00000231061,9606.ENSP00000264187,SPARC,NID1,9606,0.815,0.0,0.0,0.0,0.248,0.0,0.0,0.764
9606.ENSP00000231137,9606.ENSP00000477314,PCDHB7,PCDHB16,9606,0.889,0.0,0.0,0.052,0.733,0.591,0.0,0.058
9606.ENSP00000231749,9606.ENSP00000441930,ZMYND10,PIH1D3,9606,0.762,0.0,0.0,0.0,0.234,0.0,0.0,0.702
9606.ENSP00000231749,9606.ENSP00000296218,ZMYND10,DNALI1,9606,0.781,0.0,0.0,0.0,0.239,0.0,0.0,0.724
9606.ENSP00000231749,9606.ENSP00000400252,ZMYND10,DNAI2,9606,0.811,0.0,0.0,0.0,0.184,0.049,0.0,0.776
9606.ENSP00000233156,9606.ENSP00000364709,TFPI,F10,9606,0.999,0.0,0.0,0.0,0.072,0.443,0.9,0.996
9606.ENSP00000234091,9606.ENSP00000381382,ID2,TCF4,9606,0.976,0.0,0.0,0.0,0.042,0.907,0.0,0.76
9606.ENSP00000239938,9606.ENSP00000361021,EGR1,PTEN,9606,0.789,0.0,0.0,0.0,0.047,0.311,0.0,0.705
9606.ENSP00000239938,9606.ENSP00000303315,EGR1,JUNB,9606,0.97,0.0,0.0,0.0,0.582,0.634,0.5,0.657
9606.ENSP00000239938,9606.ENSP00000360266,EGR1,JUN,9606,0.99,0.0,0.0,0.0,0.788,0.091,0.5,0.914
9606.ENSP00000248923,9606.ENSP00000292596,GGT1,LTC4S,9606,0.921,0.0,0.0,0.0,0.044,0.0,0.9,0.245
9606.ENSP00000250617,9606.ENSP00000289104,ARHGEF6,MRAS,9606,0.908,0.0,0.0,0.0,0.0,0.053,0.9,0.112
9606.ENSP00000250617,9606.ENSP00000380942,ARHGEF6,ARHGEF12,9606,0.926,0.0,0.0,0.0,0.049,0.063,0.9,0.275
9606.ENSP00000250617,9606.ENSP00000417273,ARHGEF6,NCK1,9606,0.93,0.0,0.0,0.0,0.056,0.422,0.0,0.882
9606.ENSP00000250617,9606.ENSP00000384515,ARHGEF6,PARVB,9606,0.999,0.0,0.0,0.0,0.086,0.091,0.9,0.993
9606.ENSP00000252321,9606.ENSP00000382226,KCNA5,KCNE1,9606,0.71,0.0,0.0,0.0,0.045,0.0,0.0,0.709
9606.ENSP00000252321,9606.ENSP00000346671,KCNA5,FYN,9606,0.734,0.0,0.0,0.0,0.0,0.292,0.0,0.64
9606.ENSP00000256637,9606.ENSP00000311962,SORT1,GGA2,9606,0.929,0.0,0.0,0.0,0.049,0.723,0.0,0.751
9606.ENSP00000256969,9606.ENSP00000334448,SPX,GNG2,9606,0.806,0.0,0.0,0.0,0.064,0.8,0.0,0.046
9606.ENSP00000257290,9606.ENSP00000393312,PDGFRA,FGFR1,9606,0.715,0.0,0.0,0.0,0.08,0.09,0.0,0.687
9606.ENSP00000257290,9606.ENSP00000361021,PDGFRA,PTEN,9606,0.828,0.0,0.0,0.0,0.042,0.192,0.0,0.796
9606.ENSP00000257290,9606.ENSP00000354952,PDGFRA,GAB2,9606,0.911,0.0,0.0,0.0,0.0,0.0,0.9,0.149
9606.ENSP00000257290,9606.ENSP00000262741,PDGFRA,PIK3R3,9606,0.938,0.0,0.0,0.0,0.0,0.266,0.9,0.231
9606.ENSP00000257290,9606.ENSP00000261799,PDGFRA,PDGFRB,9606,0.989,0.0,0.0,0.0,0.245,0.734,0.9,0.52
9606.ENSP00000261254,9606.ENSP00000361021,CCND2,PTEN,9606,0.706,0.0,0.0,0.0,0.07,0.312,0.0,0.578
9606.ENSP00000261797,9606.ENSP00000367446,NDST1,EXT1,9606,0.886,0.0,0.0,0.0,0.104,0.0,0.0,0.878
9606.ENSP00000261799,9606.ENSP00000346671,PDGFRB,FYN,9606,0.891,0.0,0.0,0.0,0.1,0.748,0.0,0.557
9606.ENSP00000261799,9606.ENSP00000417273,PDGFRB,NCK1,9606,0.915,0.0,0.0,0.0,0.0,0.637,0.5,0.569
9606.ENSP00000261799,9606.ENSP00000354952,PDGFRB,GAB2,9606,0.92,0.0,0.0,0.0,0.0,0.0,0.9,0.239
9606.ENSP00000261799,9606.ENSP00000361021,PDGFRB,PTEN,9606,0.95,0.0,0.0,0.0,0.0,0.774,0.0,0.789
9606.ENSP00000261799,9606.ENSP00000262741,PDGFRB,PIK3R3,9606,0.955,0.0,0.0,0.0,0.0,0.472,0.9,0.22
9606.ENSP00000261937,9606.ENSP00000262741,FLT4,PIK3R3,9606,0.72,0.0,0.0,0.0,0.0,0.153,0.65,0.131
9606.ENSP00000261937,9606.ENSP00000497759,FLT4,FOXC2,9606,0.828,0.0,0.0,0.0,0.057,0.051,0.0,0.823
9606.ENSP00000262018,9606.ENSP00000315371,SGCA,ANO5,9606,0.83,0.0,0.0,0.0,0.047,0.0,0.0,0.829
9606.ENSP00000262018,9606.ENSP00000470152,SGCA,DTNA,9606,0.901,0.0,0.0,0.0,0.044,0.0,0.0,0.901
9606.ENSP00000262018,9606.ENSP00000356515,SGCA,UTRN,9606,0.932,0.0,0.0,0.0,0.0,0.125,0.36,0.889
9606.ENSP00000262039,9606.ENSP00000262741,PIK3C3,PIK3R3,9606,0.933,0.0,0.0,0.0,0.049,0.0,0.9,0.357
9606.ENSP00000262039,9606.ENSP00000361021,PIK3C3,PTEN,9606,0.953,0.0,0.0,0.0,0.056,0.075,0.9,0.53
9606.ENSP00000262039,9606.ENSP00000411256,PIK3C3,GABARAPL1,9606,0.984,0.0,0.0,0.0,0.0,0.0,0.9,0.852
9606.ENSP00000262039,9606.ENSP00000378914,PIK3C3,ULK2,9606,0.997,0.0,0.0,0.0,0.047,0.84,0.9,0.856
9606.ENSP00000262158,9606.ENSP00000424827,SMAD7,NEDD4,9606,0.798,0.0,0.0,0.0,0.0,0.696,0.0,0.363
9606.ENSP00000262158,9606.ENSP00000352069,SMAD7,WWP2,9606,0.947,0.0,0.0,0.0,0.0,0.832,0.0,0.697
9606.ENSP00000262629,9606.ENSP00000292432,TYROBP,HK3,9606,0.73,0.0,0.0,0.0,0.73,0.0,0.0,0.0
9606.ENSP00000262629,9606.ENSP00000365261,TYROBP,LST1,9606,0.792,0.0,0.0,0.0,0.792,0.0,0.0,0.0
9606.ENSP00000262629,9606.ENSP00000363773,TYROBP,C1QA,9606,0.89,0.0,0.0,0.0,0.569,0.0,0.0,0.755
9606.ENSP00000262629,9606.ENSP00000357123,TYROBP,MNDA,9606,0.92,0.0,0.0,0.0,0.853,0.0,0.0,0.484
9606.ENSP00000262629,9606.ENSP00000346671,TYROBP,FYN,9606,0.933,0.0,0.0,0.0,0.109,0.0,0.9,0.308
9606.ENSP00000262629,9606.ENSP00000478763,TYROBP,SIRPA,9606,0.941,0.0,0.0,0.0,0.292,0.0,0.8,0.617
9606.ENSP00000262629,9606.ENSP00000433642,TYROBP,FCGR3B,9606,0.951,0.0,0.0,0.0,0.403,0.0,0.0,0.922
9606.ENSP00000262629,9606.ENSP00000479089,TYROBP,OSCAR,9606,0.982,0.0,0.0,0.0,0.245,0.045,0.0,0.978
9606.ENSP00000262629,9606.ENSP00000356946,TYROBP,FCGR3A,9606,0.99,0.0,0.0,0.0,0.788,0.0,0.0,0.955
9606.ENSP00000262629,9606.ENSP00000338130,TYROBP,KLRD1,9606,0.999,0.0,0.0,0.0,0.14,0.073,0.9,0.991
9606.ENSP00000262741,9606.ENSP00000360021,PIK3R3,GNG12,9606,0.705,0.0,0.0,0.0,0.049,0.0,0.65,0.185
9606.ENSP00000262741,9606.ENSP00000361009,PIK3R3,PREX1,9606,0.907,0.0,0.0,0.0,0.042,0.0,0.9,0.115
9606.ENSP00000262741,9606.ENSP00000354952,PIK3R3,GAB2,9606,0.91,0.0,0.0,0.0,0.0,0.0,0.9,0.138
9606.ENSP00000262741,9606.ENSP00000289104,PIK3R3,MRAS,9606,0.91,0.0,0.0,0.0,0.0,0.054,0.9,0.129
9606.ENSP00000262741,9606.ENSP00000264637,PIK3R3,THRA,9606,0.911,0.0,0.0,0.0,0.06,0.095,0.9,0.081
9606.ENSP00000262741,9606.ENSP00000497260,PIK3R3,GNAI1,9606,0.915,0.0,0.0,0.0,0.0,0.0,0.9,0.185
9606.ENSP00000262741,9606.ENSP00000393312,PIK3R3,FGFR1,9606,0.923,0.0,0.0,0.0,0.0,0.127,0.9,0.196
9606.ENSP00000262741,9606.ENSP00000346671,PIK3R3,FYN,9606,0.937,0.0,0.0,0.0,0.0,0.293,0.9,0.186
9606.ENSP00000262741,9606.ENSP00000361021,PIK3R3,PTEN,9606,0.955,0.0,0.0,0.0,0.0,0.07,0.9,0.558
9606.ENSP00000262741,9606.ENSP00000500582,PIK3R3,AKT3,9606,0.973,0.0,0.0,0.0,0.051,0.093,0.9,0.733
9606.ENSP00000264187,9606.ENSP00000300527,NID1,COL6A2,9606,0.716,0.0,0.0,0.0,0.201,0.095,0.0,0.638
9606.ENSP00000264187,9606.ENSP00000307156,NID1,LAMB2,9606,0.734,0.0,0.0,0.0,0.107,0.059,0.54,0.393
9606.ENSP00000268459,9606.ENSP00000418447,NKD1,PPP2CA,9606,0.877,0.0,0.0,0.0,0.0,0.51,0.72,0.181
9606.ENSP00000268459,9606.ENSP00000296849,NKD1,NKD2,9606,0.915,0.0,0.0,0.0,0.072,0.0,0.9,0.16
9606.ENSP00000268459,9606.ENSP00000302625,NKD1,AXIN2,9606,0.927,0.0,0.0,0.0,0.375,0.0,0.0,0.888
9606.ENSP00000270722,9606.ENSP00000497406,PRDM16,SETBP1,9606,0.7,0.0,0.0,0.0,0.067,0.095,0.0,0.673
9606.ENSP00000272233,9606.ENSP00000400099,RHOB,RIPOR1,9606,0.731,0.0,0.0,0.0,0.101,0.045,0.0,0.711
9606.ENSP00000272233,9606.ENSP00000380942,RHOB,ARHGEF12,9606,0.81,0.0,0.0,0.0,0.093,0.248,0.5,0.509
9606.ENSP00000272233,9606.ENSP00000463939,RHOB,ARHGDIA,9606,0.901,0.0,0.0,0.0,0.119,0.575,0.0,0.757
9606.ENSP00000273390,9606.ENSP00000423505,MAATS1,TTC29,9606,0.712,0.0,0.0,0.0,0.221,0.0,0.0,0.645
9606.ENSP00000273390,9606.ENSP00000349568,MAATS1,CFAP43,9606,0.774,0.0,0.0,0.0,0.437,0.0,0.0,0.615
9606.ENSP00000276420,9606.ENSP00000346671,DOK2,FYN,9606,0.74,0.0,0.0,0.0,0.079,0.31,0.0,0.623
9606.ENSP00000276420,9606.ENSP00000417273,DOK2,NCK1,9606,0.91,0.0,0.0,0.0,0.0,0.523,0.0,0.82
9606.ENSP00000280772,9606.ENSP00000411256,ANK3,GABARAPL1,9606,0.735,0.0,0.0,0.0,0.055,0.517,0.0,0.467
9606.ENSP00000280772,9606.ENSP00000419313,ANK3,TRPC1,9606,0.764,0.0,0.0,0.0,0.043,0.0,0.0,0.764
9606.ENSP00000280772,9606.ENSP00000487444,ANK3,SPTAN1,9606,0.972,0.0,0.0,0.0,0.099,0.511,0.5,0.888
9606.ENSP00000282111,9606.ENSP00000302625,TCF7L1,AXIN2,9606,0.906,0.0,0.0,0.0,0.051,0.106,0.65,0.721
9606.ENSP00000286548,9606.ENSP00000371594,GNAQ,GNG7,9606,0.721,0.0,0.0,0.0,0.0,0.292,0.54,0.214
9606.ENSP00000286548,9606.ENSP00000497260,GNAQ,GNAI1,9606,0.744,0.0,0.0,0.065,0.075,0.081,0.54,0.409
9606.ENSP00000286548,9606.ENSP00000359793,GNAQ,PTGFR,9606,0.748,0.0,0.0,0.0,0.0,0.115,0.65,0.253
9606.ENSP00000286548,9606.ENSP00000360021,GNAQ,GNG12,9606,0.776,0.0,0.0,0.0,0.139,0.384,0.54,0.192
9606.ENSP00000286548,9606.ENSP00000472546,GNAQ,PLA2G4C,9606,0.9,0.0,0.0,0.0,0.0,0.0,0.9,0.0
9606.ENSP00000286548,9606.ENSP00000363826,GNAQ,FZD8,9606,0.913,0.0,0.0,0.0,0.0,0.0,0.9,0.173
9606.ENSP00000286548,9606.ENSP00000356430,GNAQ,RGS18,9606,0.932,0.0,0.0,0.0,0.06,0.339,0.5,0.809
9606.ENSP00000286548,9606.ENSP00000402723,GNAQ,PTH1R,9606,0.946,0.0,0.0,0.0,0.0,0.223,0.9,0.368
9606.ENSP00000286548,9606.ENSP00000356529,GNAQ,RGS16,9606,0.947,0.0,0.0,0.0,0.0,0.339,0.5,0.852
9606.ENSP00000286548,9606.ENSP00000304767,GNAQ,P2RY1,9606,0.955,0.0,0.0,0.0,0.06,0.0,0.9,0.564
9606.ENSP00000286548,9606.ENSP00000334448,GNAQ,GNG2,9606,0.972,0.0,0.0,0.0,0.121,0.87,0.54,0.525
9606.ENSP00000286548,9606.ENSP00000380942,GNAQ,ARHGEF12,9606,0.993,0.0,0.0,0.0,0.064,0.292,0.9,0.912
9606.ENSP00000286548,9606.ENSP00000393333,GNAQ,TBXA2R,9606,0.995,0.0,0.0,0.0,0.0,0.858,0.9,0.737
9606.ENSP00000288139,9606.ENSP00000363092,CACNA1D,PRKG1,9606,0.917,0.0,0.0,0.0,0.045,0.0,0.9,0.208
9606.ENSP00000288139,9606.ENSP00000496129,CACNA1D,PRKCB,9606,0.933,0.0,0.0,0.0,0.0,0.0,0.9,0.366
9606.ENSP00000288139,9606.ENSP00000349320,CACNA1D,CACNA2D1,9606,0.999,0.0,0.0,0.0,0.086,0.949,0.9,0.939
9606.ENSP00000289104,9606.ENSP00000496129,MRAS,PRKCB,9606,0.907,0.0,0.0,0.0,0.055,0.0,0.9,0.104
9606.ENSP00000289104,9606.ENSP00000380942,MRAS,ARHGEF12,9606,0.926,0.0,0.0,0.0,0.0,0.134,0.9,0.223
9606.ENSP00000291294,9606.ENSP00000354612,PTGIR,PTGS1,9606,0.753,0.0,0.0,0.0,0.139,0.0,0.0,0.725
9606.ENSP00000291294,9606.ENSP00000393333,PTGIR,TBXA2R,9606,0.825,0.0,0.0,0.0,0.127,0.651,0.0,0.472
9606.ENSP00000292432,9606.ENSP00000357123,HK3,MNDA,9606,0.78,0.0,0.0,0.0,0.78,0.0,0.0,0.0
9606.ENSP00000292432,9606.ENSP00000408025,HK3,FBP1,9606,0.946,0.0,0.0,0.0,0.187,0.0,0.9,0.39
9606.ENSP00000292596,9606.ENSP00000354612,LTC4S,PTGS1,9606,0.709,0.0,0.0,0.0,0.063,0.0,0.0,0.703
9606.ENSP00000296218,9606.ENSP00000441930,DNALI1,PIH1D3,9606,0.726,0.0,0.0,0.0,0.215,0.0,0.0,0.665
9606.ENSP00000296218,9606.ENSP00000400252,DNALI1,DNAI2,9606,0.983,0.0,0.0,0.0,0.095,0.0,0.0,0.982
9606.ENSP00000296674,9606.ENSP00000436049,RPS23,EIF3M,9606,0.913,0.0,0.0,0.0,0.41,0.848,0.0,0.102
9606.ENSP00000296674,9606.ENSP00000431800,RPS23,EIF3F,9606,0.93,0.0,0.0,0.0,0.536,0.843,0.0,0.116
9606.ENSP00000300527,9606.ENSP00000325146,COL6A2,COL12A1,9606,0.793,0.0,0.0,0.0,0.25,0.11,0.4,0.543
9606.ENSP00000302846,9606.ENSP00000354612,PTGER4,PTGS1,9606,0.751,0.0,0.0,0.0,0.085,0.0,0.0,0.739
9606.ENSP00000302846,9606.ENSP00000334448,PTGER4,GNG2,9606,0.834,0.0,0.0,0.0,0.074,0.507,0.65,0.087
9606.ENSP00000302846,9606.ENSP00000497260,PTGER4,GNAI1,9606,0.911,0.0,0.0,0.0,0.043,0.125,0.9,0.064
9606.ENSP00000303315,9606.ENSP00000350359,JUNB,CREB5,9606,0.849,0.0,0.0,0.0,0.072,0.822,0.0,0.161
9606.ENSP00000303315,9606.ENSP00000360266,JUNB,JUN,9606,0.999,0.0,0.0,0.0,0.543,0.639,0.9,0.983
9606.ENSP00000304642,9606.ENSP00000411256,RETREG1,GABARAPL1,9606,0.862,0.0,0.0,0.0,0.055,0.314,0.0,0.804
9606.ENSP00000306522,9606.ENSP00000419465,CAMTA1,WWTR1,9606,0.864,0.0,0.0,0.0,0.0,0.0,0.0,0.864
9606.ENSP00000308430,9606.ENSP00000354468,CYB5B,CYB5R3,9606,0.999,0.0,0.0,0.0,0.127,0.289,0.9,0.992
9606.ENSP00000320604,9606.ENSP00000380837,FAXDC2,LSS,9606,0.876,0.0,0.0,0.0,0.244,0.782,0.0,0.313
9606.ENSP00000330341,9606.ENSP00000362195,SOCS3,CSF3R,9606,0.954,0.0,0.0,0.0,0.146,0.815,0.5,0.489
9606.ENSP00000334448,9606.ENSP00000496129,GNG2,PRKCB,9606,0.719,0.0,0.0,0.0,0.2,0.0,0.65,0.076
9606.ENSP00000334448,9606.ENSP00000402723,GNG2,PTH1R,9606,0.823,0.0,0.0,0.0,0.0,0.823,0.0,0.0
9606.ENSP00000334448,9606.ENSP00000468897,GNG2,FPR2,9606,0.913,0.0,0.0,0.0,0.103,0.816,0.5,0.069
9606.ENSP00000334448,9606.ENSP00000361009,GNG2,PREX1,9606,0.981,0.0,0.0,0.0,0.106,0.8,0.9,0.072
9606.ENSP00000334448,9606.ENSP00000497260,GNG2,GNAI1,9606,0.998,0.0,0.0,0.0,0.0,0.987,0.65,0.668
9606.ENSP00000338130,9606.ENSP00000433642,KLRD1,FCGR3B,9606,0.795,0.0,0.0,0.0,0.102,0.0,0.0,0.781
9606.ENSP00000338130,9606.ENSP00000356946,KLRD1,FCGR3A,9606,0.801,0.0,0.0,0.0,0.087,0.0,0.0,0.791
9606.ENSP00000339449,9606.ENSP00000358965,CFAP52,C1orf194,9606,0.871,0.0,0.0,0.0,0.304,0.822,0.0,0.0
9606.ENSP00000339449,9606.ENSP00000381553,CFAP52,CFAP53,9606,0.947,0.0,0.0,0.0,0.262,0.821,0.0,0.634
9606.ENSP00000339527,9606.ENSP00000360266,FOXO3,JUN,9606,0.773,0.0,0.0,0.0,0.067,0.094,0.0,0.753
9606.ENSP00000339527,9606.ENSP00000361021,FOXO3,PTEN,9606,0.853,0.0,0.0,0.0,0.061,0.099,0.0,0.84
9606.ENSP00000339527,9606.ENSP00000500582,FOXO3,AKT3,9606,0.966,0.0,0.0,0.0,0.0,0.312,0.9,0.546
9606.ENSP00000340874,9606.ENSP00000381382,MEF2C,TCF4,9606,0.766,0.0,0.0,0.0,0.431,0.0,0.5,0.246
9606.ENSP00000345751,9606.ENSP00000424827,SCNN1B,NEDD4,9606,0.996,0.0,0.0,0.0,0.0,0.968,0.0,0.898
9606.ENSP00000345997,9606.ENSP00000365861,DMPK,MBNL2,9606,0.85,0.0,0.0,0.0,0.042,0.0,0.0,0.85
9606.ENSP00000346671,9606.ENSP00000352138,FYN,KIRREL1,9606,0.727,0.0,0.0,0.0,0.042,0.081,0.5,0.454
9606.ENSP00000346671,9606.ENSP00000356000,FYN,PLXNA2,9606,0.925,0.0,0.0,0.0,0.055,0.071,0.9,0.256
9606.ENSP00000346671,9606.ENSP00000417273,FYN,NCK1,9606,0.96,0.0,0.0,0.0,0.048,0.334,0.5,0.889
9606.ENSP00000346671,9606.ENSP00000354952,FYN,GAB2,9606,0.975,0.0,0.0,0.0,0.054,0.0,0.9,0.762
9606.ENSP00000349131,9606.ENSP00000363826,RSPO3,FZD8,9606,0.724,0.0,0.0,0.0,0.05,0.0,0.0,0.721
9606.ENSP00000349568,9606.ENSP00000423505,CFAP43,TTC29,9606,0.826,0.0,0.0,0.0,0.481,0.0,0.0,0.678
9606.ENSP00000350359,9606.ENSP00000363092,CREB5,PRKG1,9606,0.723,0.0,0.0,0.0,0.057,0.083,0.65,0.194
9606.ENSP00000350359,9606.ENSP00000496129,CREB5,PRKCB,9606,0.737,0.0,0.0,0.0,0.069,0.0,0.65,0.258
9606.ENSP00000350359,9606.ENSP00000500582,CREB5,AKT3,9606,0.755,0.0,0.0,0.0,0.08,0.096,0.65,0.258
9606.ENSP00000350359,9606.ENSP00000360266,CREB5,JUN,9606,0.971,0.0,0.0,0.0,0.06,0.907,0.0,0.694
9606.ENSP00000352069,9606.ENSP00000361021,WWP2,PTEN,9606,0.984,0.0,0.0,0.0,0.055,0.876,0.4,0.808
9606.ENSP00000352138,9606.ENSP00000417273,KIRREL1,NCK1,9606,0.828,0.0,0.0,0.0,0.0,0.11,0.5,0.646
9606.ENSP00000352455,9606.ENSP00000355718,MFAP5,DLL1,9606,0.711,0.0,0.0,0.0,0.056,0.0,0.0,0.707
9606.ENSP00000353452,9606.ENSP00000494125,MYLK,TPM4,9606,0.707,0.0,0.0,0.0,0.113,0.0,0.5,0.393
9606.ENSP00000353452,9606.ENSP00000496494,MYLK,TPM2,9606,0.82,0.0,0.0,0.0,0.168,0.0,0.5,0.602
9606.ENSP00000354612,9606.ENSP00000472546,PTGS1,PLA2G4C,9606,0.734,0.0,0.0,0.0,0.056,0.0,0.65,0.259
9606.ENSP00000354612,9606.ENSP00000369530,PTGS1,ALOX15B,9606,0.939,0.0,0.0,0.0,0.055,0.046,0.9,0.406
9606.ENSP00000356430,9606.ENSP00000497260,RGS18,GNAI1,9606,0.761,0.0,0.0,0.0,0.06,0.431,0.5,0.212
9606.ENSP00000356515,9606.ENSP00000470152,UTRN,DTNA,9606,0.926,0.0,0.0,0.0,0.055,0.785,0.0,0.664
9606.ENSP00000356529,9606.ENSP00000497260,RGS16,GNAI1,9606,0.977,0.0,0.0,0.0,0.06,0.944,0.5,0.249
9606.ENSP00000356946,9606.ENSP00000363773,FCGR3A,C1QA,9606,0.702,0.0,0.0,0.0,0.541,0.0,0.0,0.378
9606.ENSP00000356946,9606.ENSP00000478763,FCGR3A,SIRPA,9606,0.776,0.0,0.0,0.0,0.163,0.41,0.0,0.583
9606.ENSP00000356946,9606.ENSP00000357123,FCGR3A,MNDA,9606,0.851,0.0,0.0,0.0,0.774,0.0,0.0,0.368
9606.ENSP00000356946,9606.ENSP00000433642,FCGR3A,FCGR3B,9606,0.978,0.0,0.0,0.047,0.421,0.421,0.9,0.442
9606.ENSP00000357123,9606.ENSP00000433642,MNDA,FCGR3B,9606,0.705,0.0,0.0,0.0,0.531,0.0,0.0,0.397
9606.ENSP00000358737,9606.ENSP00000430494,ATP5PB,UQCRB,9606,0.969,0.0,0.0,0.0,0.925,0.276,0.0,0.477
9606.ENSP00000358965,9606.ENSP00000381553,C1orf194,CFAP53,9606,0.85,0.0,0.0,0.0,0.195,0.821,0.0,0.0
9606.ENSP00000360021,9606.ENSP00000496129,GNG12,PRKCB,9606,0.703,0.0,0.0,0.0,0.058,0.0,0.65,0.172
9606.ENSP00000360021,9606.ENSP00000497260,GNG12,GNAI1,9606,0.883,0.0,0.0,0.0,0.082,0.259,0.65,0.569
9606.ENSP00000360021,9606.ENSP00000361009,GNG12,PREX1,9606,0.901,0.0,0.0,0.0,0.042,0.0,0.9,0.051
9606.ENSP00000360266,9606.ENSP00000442060,JUN,MAFF,9606,0.75,0.0,0.0,0.0,0.235,0.159,0.0,0.642
9606.ENSP00000360266,9606.ENSP00000361021,JUN,PTEN,9606,0.775,0.0,0.0,0.0,0.0,0.077,0.0,0.766
9606.ENSP00000360266,9606.ENSP00000376436,JUN,ETS1,9606,0.873,0.0,0.0,0.0,0.086,0.465,0.0,0.761
9606.ENSP00000360266,9606.ENSP00000500582,JUN,AKT3,9606,0.941,0.0,0.0,0.0,0.0,0.085,0.9,0.407
9606.ENSP00000361009,9606.ENSP00000371594,PREX1,GNG7,9606,0.902,0.0,0.0,0.0,0.059,0.0,0.9,0.051
9606.ENSP00000361021,9606.ENSP00000500582,PTEN,AKT3,9606,0.825,0.0,0.0,0.0,0.0,0.287,0.0,0.765
9606.ENSP00000361021,9606.ENSP00000424827,PTEN,NEDD4,9606,0.984,0.0,0.0,0.0,0.047,0.909,0.4,0.741
9606.ENSP00000362195,9606.ENSP00000497406,CSF3R,SETBP1,9606,0.727,0.0,0.0,0.0,0.0,0.0,0.0,0.727
9606.ENSP00000367446,9606.ENSP00000406482,EXT1,THSD7A,9606,0.716,0.0,0.0,0.0,0.055,0.0,0.0,0.712
9606.ENSP00000369530,9606.ENSP00000472546,ALOX15B,PLA2G4C,9606,0.716,0.0,0.0,0.0,0.064,0.045,0.65,0.201
9606.ENSP00000371594,9606.ENSP00000496129,GNG7,PRKCB,9606,0.713,0.0,0.0,0.0,0.106,0.0,0.65,0.158
9606.ENSP00000371594,9606.ENSP00000497260,GNG7,GNAI1,9606,0.973,0.0,0.0,0.0,0.0,0.83,0.65,0.585
9606.ENSP00000372035,9606.ENSP00000424827,LATS2,NEDD4,9606,0.723,0.0,0.0,0.0,0.062,0.62,0.0,0.283
9606.ENSP00000372035,9606.ENSP00000424765,LATS2,AMOTL2,9606,0.934,0.0,0.0,0.0,0.119,0.626,0.5,0.65
9606.ENSP00000372035,9606.ENSP00000419465,LATS2,WWTR1,9606,0.989,0.0,0.0,0.0,0.065,0.653,0.9,0.71
9606.ENSP00000378914,9606.ENSP00000418447,ULK2,PPP2CA,9606,0.912,0.0,0.0,0.0,0.0,0.091,0.9,0.116
9606.ENSP00000378914,9606.ENSP00000411256,ULK2,GABARAPL1,9606,0.943,0.0,0.0,0.0,0.139,0.641,0.0,0.83
9606.ENSP00000379823,9606.ENSP00000379866,COL4A3,COL4A4,9606,0.995,0.0,0.0,0.115,0.893,0.0,0.9,0.535
9606.ENSP00000393312,9606.ENSP00000424827,FGFR1,NEDD4,9606,0.78,0.0,0.0,0.0,0.0,0.552,0.0,0.529
9606.ENSP00000400252,9606.ENSP00000441930,DNAI2,PIH1D3,9606,0.792,0.0,0.0,0.0,0.27,0.0,0.0,0.726
9606.ENSP00000402723,9606.ENSP00000497260,PTH1R,GNAI1,9606,0.938,0.0,0.0,0.0,0.067,0.365,0.9,0.083
9606.ENSP00000411256,9606.ENSP00000449960,GABARAPL1,CALCOCO1,9606,0.86,0.0,0.0,0.0,0.096,0.396,0.0,0.765
9606.ENSP00000418447,9606.ENSP00000500582,PPP2CA,AKT3,9606,0.787,0.0,0.0,0.0,0.0,0.33,0.65,0.167
9606.ENSP00000418447,9606.ENSP00000419465,PPP2CA,WWTR1,9606,0.903,0.0,0.0,0.0,0.0,0.0,0.9,0.072
9606.ENSP00000418447,9606.ENSP00000496129,PPP2CA,PRKCB,9606,0.914,0.0,0.0,0.0,0.047,0.071,0.9,0.152
9606.ENSP00000419465,9606.ENSP00000424765,WWTR1,AMOTL2,9606,0.846,0.0,0.0,0.0,0.12,0.0,0.5,0.68
9606.ENSP00000430269,9606.ENSP00000497406,EPHX2,SETBP1,9606,0.795,0.0,0.0,0.0,0.063,0.0,0.0,0.79
9606.ENSP00000431800,9606.ENSP00000436049,EIF3F,EIF3M,9606,0.999,0.0,0.0,0.0,0.685,0.997,0.9,0.887
9606.ENSP00000433642,9606.ENSP00000478763,FCGR3B,SIRPA,9606,0.76,0.0,0.0,0.0,0.119,0.41,0.0,0.575
9606.ENSP00000468897,9606.ENSP00000497260,FPR2,GNAI1,9606,0.917,0.0,0.0,0.0,0.0,0.908,0.0,0.129
9606.ENSP00000494125,9606.ENSP00000496494,TPM4,TPM2,9606,0.986,0.0,0.0,0.051,0.244,0.681,0.72,0.821
9606.ENSP00000496129,9606.ENSP00000497260,PRKCB,GNAI1,9606,0.719,0.0,0.0,0.0,0.0,0.0,0.65,0.231
9606.ENSP00000155926,9606.ENSP00000312150,TRIB2,TRIB1,9606,0.8,0.0,0.0,0.062,0.0,0.786,0.0,0.085
9606.ENSP00000211998,9606.ENSP00000496414,VCL,RDX,9606,0.753,0.0,0.0,0.0,0.118,0.045,0.0,0.731
9606.ENSP00000211998,9606.ENSP00000347852,VCL,SORBS2,9606,0.777,0.0,0.0,0.0,0.112,0.443,0.0,0.585
9606.ENSP00000211998,9606.ENSP00000293379,VCL,ITGA5,9606,0.78,0.0,0.0,0.0,0.115,0.292,0.0,0.677
9606.ENSP00000211998,9606.ENSP00000282561,VCL,GJA1,9606,0.795,0.0,0.0,0.0,0.07,0.095,0.0,0.776
9606.ENSP00000211998,9606.ENSP00000355537,VCL,ACTN2,9606,0.858,0.0,0.0,0.0,0.067,0.165,0.0,0.833
9606.ENSP00000211998,9606.ENSP00000362924,VCL,GSN,9606,0.918,0.0,0.0,0.0,0.144,0.292,0.0,0.876
9606.ENSP00000211998,9606.ENSP00000353408,VCL,MSN,9606,0.951,0.0,0.0,0.0,0.161,0.193,0.5,0.872
9606.ENSP00000211998,9606.ENSP00000348416,VCL,TJP1,9606,0.973,0.0,0.0,0.0,0.072,0.175,0.0,0.967
9606.ENSP00000211998,9606.ENSP00000240123,VCL,SORBS3,9606,0.999,0.0,0.0,0.0,0.107,0.391,0.8,0.992
9606.ENSP00000211998,9606.ENSP00000267257,VCL,PXN,9606,0.999,0.0,0.0,0.0,0.107,0.881,0.8,0.999
9606.ENSP00000221086,9606.ENSP00000369677,MTMR9,EMILIN1,9606,0.821,0.0,0.0,0.0,0.0,0.821,0.0,0.0
9606.ENSP00000221086,9606.ENSP00000371221,MTMR9,MTMR6,9606,0.998,0.0,0.0,0.084,0.127,0.886,0.9,0.905
9606.ENSP00000221930,9606.ENSP00000256759,TGFB1,FST,9606,0.702,0.0,0.0,0.0,0.0,0.113,0.0,0.678
9606.ENSP00000221930,9606.ENSP00000224784,TGFB1,ACTA2,9606,0.705,0.0,0.0,0.0,0.0,0.0,0.0,0.705
9606.ENSP00000221930,9606.ENSP00000262768,TGFB1,TIMP2,9606,0.79,0.0,0.0,0.0,0.089,0.053,0.0,0.776
9606.ENSP00000221930,9606.ENSP00000427514,TGFB1,CEBPA,9606,0.85,0.0,0.0,0.0,0.067,0.045,0.75,0.407
9606.ENSP00000221930,9606.ENSP00000325527,TGFB1,FBN1,9606,0.882,0.0,0.0,0.0,0.069,0.058,0.0,0.877
9606.ENSP00000221930,9606.ENSP00000272134,TGFB1,LEFTY1,9606,0.919,0.0,0.0,0.0,0.0,0.0,0.9,0.227
9606.ENSP00000222399,9606.ENSP00000264741,LAMB1,ITGA9,9606,0.758,0.0,0.0,0.0,0.048,0.045,0.65,0.329
9606.ENSP00000222399,9606.ENSP00000293379,LAMB1,ITGA5,9606,0.788,0.0,0.0,0.0,0.085,0.045,0.65,0.388
9606.ENSP00000222399,9606.ENSP00000452120,LAMB1,ITGA7,9606,0.791,0.0,0.0,0.0,0.054,0.052,0.65,0.414
9606.ENSP00000222399,9606.ENSP00000355180,LAMB1,COL6A1,9606,0.843,0.0,0.0,0.0,0.204,0.046,0.0,0.81
9606.ENSP00000222399,9606.ENSP00000386896,LAMB1,ITGA6,9606,0.977,0.0,0.0,0.0,0.085,0.902,0.65,0.356
9606.ENSP00000224784,9606.ENSP00000325527,ACTA2,FBN1,9606,0.721,0.0,0.0,0.0,0.114,0.103,0.0,0.677
9606.ENSP00000224784,9606.ENSP00000355537,ACTA2,ACTN2,9606,0.759,0.0,0.0,0.0,0.07,0.402,0.0,0.602
9606.ENSP00000224784,9606.ENSP00000493594,ACTA2,MYH14,9606,0.907,0.0,0.0,0.0,0.0,0.073,0.9,0.08
9606.ENSP00000227155,9606.ENSP00000325708,CD82,CD37,9606,0.796,0.0,0.0,0.0,0.067,0.0,0.0,0.791
9606.ENSP00000227507,9606.ENSP00000263754,CCND1,KAT2B,9606,0.959,0.0,0.0,0.0,0.0,0.51,0.5,0.847
9606.ENSP00000228463,9606.ENSP00000353408,SELPLG,MSN,9606,0.793,0.0,0.0,0.0,0.085,0.31,0.0,0.699
9606.ENSP00000228463,9606.ENSP00000496414,SELPLG,RDX,9606,0.969,0.0,0.0,0.0,0.0,0.902,0.0,0.701
9606.ENSP00000229554,9606.ENSP00000306410,RSPH4A,ARMC4,9606,0.79,0.0,0.0,0.0,0.167,0.175,0.0,0.718
9606.ENSP00000229554,9606.ENSP00000417960,RSPH4A,CCDC39,9606,0.876,0.0,0.0,0.0,0.278,0.125,0.0,0.819
9606.ENSP00000229554,9606.ENSP00000291536,RSPH4A,RSPH1,9606,0.99,0.0,0.0,0.0,0.222,0.828,0.0,0.932
9606.ENSP00000229554,9606.ENSP00000361238,RSPH4A,RSPH9,9606,0.999,0.0,0.0,0.235,0.237,0.797,0.0,0.994
9606.ENSP00000233813,9606.ENSP00000295666,IGFBP5,IGFBP7,9606,0.703,0.0,0.0,0.0,0.109,0.0,0.0,0.68
9606.ENSP00000240123,9606.ENSP00000267257,SORBS3,PXN,9606,0.926,0.0,0.0,0.0,0.073,0.082,0.8,0.619
9606.ENSP00000243077,9606.ENSP00000318585,LRP1,BACE1,9606,0.774,0.0,0.0,0.0,0.128,0.0,0.0,0.751
9606.ENSP00000243077,9606.ENSP00000345347,LRP1,HMGB1,9606,0.798,0.0,0.0,0.0,0.0,0.0,0.0,0.798
9606.ENSP00000243077,9606.ENSP00000399376,LRP1,PRNP,9606,0.806,0.0,0.0,0.0,0.067,0.0,0.0,0.801
9606.ENSP00000243457,9606.ENSP00000282561,KCNJ2,GJA1,9606,0.76,0.0,0.0,0.0,0.047,0.075,0.0,0.75
9606.ENSP00000243457,9606.ENSP00000266376,KCNJ2,CACNA1C,9606,0.853,0.0,0.0,0.0,0.055,0.077,0.0,0.845
9606.ENSP00000247153,9606.ENSP00000498879,CFP,CD59,9606,0.701,0.0,0.0,0.0,0.0,0.0,0.0,0.701
9606.ENSP00000247153,9606.ENSP00000356399,CFP,CFH,9606,0.873,0.0,0.0,0.0,0.042,0.0,0.0,0.873
9606.ENSP00000252818,9606.ENSP00000267569,JUND,JDP2,9606,0.964,0.0,0.0,0.0,0.085,0.482,0.0,0.931
9606.ENSP00000254868,9606.ENSP00000357152,CLEC10A,CD1C,9606,0.75,0.0,0.0,0.0,0.475,0.0,0.0,0.544
9606.ENSP00000256759,9606.ENSP00000336762,FST,ANG,9606,0.711,0.0,0.0,0.0,0.059,0.322,0.0,0.584
9606.ENSP00000258111,9606.ENSP00000266376,KCNMB4,CACNA1C,9606,0.732,0.0,0.0,0.0,0.0,0.0,0.65,0.267
9606.ENSP00000258415,9606.ENSP00000360316,CYP27A1,DHCR24,9606,0.887,0.0,0.0,0.0,0.056,0.069,0.814,0.391
9606.ENSP00000259698,9606.ENSP00000353408,RIPOR2,MSN,9606,0.807,0.0,0.0,0.0,0.056,0.0,0.8,0.06
9606.ENSP00000259698,9606.ENSP00000496414,RIPOR2,RDX,9606,0.825,0.0,0.0,0.0,0.0,0.0,0.8,0.163
9606.ENSP00000261233,9606.ENSP00000312082,IRAK3,TLR8,9606,0.74,0.0,0.0,0.0,0.252,0.1,0.0,0.645
9606.ENSP00000261507,9606.ENSP00000275016,MSMO1,CYP39A1,9606,0.749,0.0,0.0,0.0,0.388,0.414,0.099,0.316
9606.ENSP00000261507,9606.ENSP00000358414,MSMO1,HMGCS2,9606,0.762,0.0,0.0,0.0,0.531,0.054,0.0,0.507
9606.ENSP00000261507,9606.ENSP00000354476,MSMO1,SREBF2,9606,0.772,0.0,0.0,0.0,0.22,0.0,0.0,0.719
9606.ENSP00000261507,9606.ENSP00000344741,MSMO1,INSIG1,9606,0.779,0.0,0.0,0.0,0.44,0.0,0.0,0.622
9606.ENSP00000261507,9606.ENSP00000322706,MSMO1,HMGCS1,9606,0.964,0.0,0.0,0.0,0.851,0.054,0.0,0.77
9606.ENSP00000261507,9606.ENSP00000360316,MSMO1,DHCR24,9606,0.987,0.0,0.0,0.0,0.452,0.0,0.907,0.763
9606.ENSP00000262262,9606.ENSP00000327890,CD33,IL3RA,9606,0.819,0.0,0.0,0.0,0.073,0.0,0.0,0.812
9606.ENSP00000262768,9606.ENSP00000295666,TIMP2,IGFBP7,9606,0.874,0.0,0.0,0.0,0.126,0.0,0.0,0.862
9606.ENSP00000263238,9606.ENSP00000362924,ACTR3,GSN,9606,0.785,0.0,0.0,0.0,0.044,0.095,0.0,0.772
9606.ENSP00000263238,9606.ENSP00000483313,ACTR3,WASF2,9606,0.953,0.0,0.0,0.0,0.083,0.364,0.9,0.29
9606.ENSP00000263754,9606.ENSP00000308405,KAT2B,H2AZ2,9606,0.761,0.0,0.0,0.0,0.067,0.305,0.5,0.35
9606.ENSP00000263754,9606.ENSP00000434552,KAT2B,MAML2,9606,0.843,0.0,0.0,0.0,0.058,0.045,0.8,0.233
9606.ENSP00000264414,9606.ENSP00000427926,CUL3,RHOBTB2,9606,0.971,0.0,0.0,0.0,0.042,0.629,0.5,0.858
9606.ENSP00000264741,9606.ENSP00000355180,ITGA9,COL6A1,9606,0.719,0.0,0.0,0.0,0.067,0.0,0.65,0.209
9606.ENSP00000264741,9606.ENSP00000293379,ITGA9,ITGA5,9606,0.765,0.0,0.0,0.0,0.042,0.0,0.54,0.511
9606.ENSP00000265052,9606.ENSP00000379865,MGLL,ADHFE1,9606,0.799,0.051,0.0,0.0,0.0,0.0,0.792,0.066
9606.ENSP00000265052,9606.ENSP00000339787,MGLL,ACSL4,9606,0.868,0.048,0.0,0.0,0.049,0.0,0.8,0.357
9606.ENSP00000266376,9606.ENSP00000384763,CACNA1C,SLC8A1,9606,0.783,0.0,0.0,0.0,0.146,0.0,0.0,0.756
9606.ENSP00000266376,9606.ENSP00000405252,CACNA1C,AKAP7,9606,0.877,0.0,0.0,0.0,0.059,0.0,0.0,0.875
9606.ENSP00000266376,9606.ENSP00000399376,CACNA1C,PRNP,9606,0.91,0.0,0.0,0.0,0.0,0.0,0.9,0.142
9606.ENSP00000267257,9606.ENSP00000293379,PXN,ITGA5,9606,0.713,0.0,0.0,0.0,0.138,0.046,0.0,0.68
9606.ENSP00000267257,9606.ENSP00000353408,PXN,MSN,9606,0.765,0.0,0.0,0.0,0.08,0.0,0.0,0.755
9606.ENSP00000267257,9606.ENSP00000362924,PXN,GSN,9606,0.879,0.0,0.0,0.0,0.064,0.292,0.0,0.832
9606.ENSP00000282561,9606.ENSP00000313391,GJA1,DAB2,9606,0.729,0.0,0.0,0.0,0.103,0.0,0.5,0.445
9606.ENSP00000282561,9606.ENSP00000499593,GJA1,TNNT2,9606,0.784,0.0,0.0,0.0,0.0,0.0,0.0,0.784
9606.ENSP00000282561,9606.ENSP00000348416,GJA1,TJP1,9606,0.999,0.0,0.0,0.0,0.183,0.597,0.9,0.994
9606.ENSP00000285039,9606.ENSP00000368022,MYO5B,OPTN,9606,0.973,0.0,0.0,0.0,0.042,0.0,0.0,0.973
9606.ENSP00000285419,9606.ENSP00000371221,PIP4P2,MTMR6,9606,0.909,0.0,0.033,0.0,0.085,0.0,0.9,0.092
9606.ENSP00000286827,9606.ENSP00000338191,TIAM1,SNTB2,9606,0.734,0.0,0.0,0.0,0.0,0.129,0.0,0.708
9606.ENSP00000291536,9606.ENSP00000306410,RSPH1,ARMC4,9606,0.702,0.0,0.0,0.0,0.067,0.128,0.0,0.663
9606.ENSP00000291536,9606.ENSP00000417960,RSPH1,CCDC39,9606,0.773,0.0,0.0,0.0,0.075,0.104,0.0,0.748
9606.ENSP00000291536,9606.ENSP00000361238,RSPH1,RSPH9,9606,0.982,0.0,0.0,0.0,0.135,0.797,0.0,0.906
9606.ENSP00000293379,9606.ENSP00000325527,ITGA5,FBN1,9606,0.775,0.0,0.0,0.0,0.121,0.054,0.5,0.524
9606.ENSP00000293379,9606.ENSP00000386896,ITGA5,ITGA6,9606,0.808,0.0,0.0,0.0,0.058,0.0,0.54,0.594
9606.ENSP00000293379,9606.ENSP00000355180,ITGA5,COL6A1,9606,0.922,0.0,0.0,0.0,0.136,0.0,0.65,0.763
9606.ENSP00000293379,9606.ENSP00000349252,ITGA5,ITGAL,9606,0.953,0.0,0.0,0.11,0.062,0.0,0.9,0.513
9606.ENSP00000296029,9606.ENSP00000345347,PF4,HMGB1,9606,0.779,0.0,0.0,0.0,0.042,0.0,0.0,0.779
9606.ENSP00000297848,9606.ENSP00000355180,COL14A1,COL6A1,9606,0.768,0.0,0.0,0.129,0.213,0.0,0.4,0.503
9606.ENSP00000304956,9606.ENSP00000312457,MN1,BAALC,9606,0.781,0.0,0.0,0.0,0.075,0.0,0.0,0.773
9606.ENSP00000305595,9606.ENSP00000480884,B3GNT2,ST3GAL6,9606,0.942,0.0,0.0,0.0,0.042,0.0,0.9,0.444
9606.ENSP00000305595,9606.ENSP00000312021,B3GNT2,FUT1,9606,0.944,0.0,0.0,0.0,0.054,0.0,0.9,0.459
9606.ENSP00000306410,9606.ENSP00000361238,ARMC4,RSPH9,9606,0.757,0.0,0.0,0.0,0.096,0.209,0.0,0.688
9606.ENSP00000306410,9606.ENSP00000417960,ARMC4,CCDC39,9606,0.819,0.0,0.0,0.0,0.125,0.132,0.0,0.781
9606.ENSP00000309953,9606.ENSP00000325527,EFEMP2,FBN1,9606,0.873,0.0,0.0,0.0,0.247,0.405,0.0,0.741
9606.ENSP00000309953,9606.ENSP00000332247,EFEMP2,ATP6V0A2,9606,0.906,0.0,0.0,0.0,0.0,0.058,0.0,0.905
9606.ENSP00000312021,9606.ENSP00000480884,FUT1,ST3GAL6,9606,0.945,0.0,0.0,0.0,0.0,0.0,0.9,0.479
9606.ENSP00000312082,9606.ENSP00000365012,TLR8,HCK,9606,0.771,0.0,0.0,0.0,0.533,0.1,0.0,0.499
9606.ENSP00000312082,9606.ENSP00000471493,TLR8,FPR1,9606,0.82,0.0,0.0,0.0,0.474,0.0,0.0,0.673
9606.ENSP00000312082,9606.ENSP00000375629,TLR8,LILRB2,9606,0.88,0.0,0.0,0.0,0.763,0.097,0.0,0.487
9606.ENSP00000312150,9606.ENSP00000427514,TRIB1,CEBPA,9606,0.949,0.0,0.0,0.0,0.081,0.716,0.0,0.823
9606.ENSP00000312734,9606.ENSP00000368022,RAB8B,OPTN,9606,0.789,0.0,0.0,0.0,0.115,0.0,0.7,0.269
9606.ENSP00000313172,9606.ENSP00000348416,BVES,TJP1,9606,0.963,0.0,0.0,0.0,0.058,0.0,0.9,0.639
9606.ENSP00000318585,9606.ENSP00000399376,BACE1,PRNP,9606,0.744,0.0,0.0,0.0,0.059,0.071,0.0,0.731
9606.ENSP00000322706,9606.ENSP00000360316,HMGCS1,DHCR24,9606,0.877,0.0,0.0,0.0,0.3,0.0,0.0,0.831
9606.ENSP00000322706,9606.ENSP00000344741,HMGCS1,INSIG1,9606,0.885,0.0,0.0,0.0,0.537,0.0,0.0,0.762
9606.ENSP00000322706,9606.ENSP00000358414,HMGCS1,HMGCS2,9606,0.917,0.0,0.0,0.056,0.042,0.0,0.913,0.066
9606.ENSP00000322706,9606.ENSP00000354476,HMGCS1,SREBF2,9606,0.959,0.0,0.0,0.0,0.229,0.0,0.5,0.904
9606.ENSP00000325527,9606.ENSP00000355180,FBN1,COL6A1,9606,0.743,0.0,0.0,0.0,0.403,0.091,0.0,0.564
9606.ENSP00000326247,9606.ENSP00000371471,SAMD9L,RSAD2,9606,0.781,0.0,0.0,0.0,0.655,0.0,0.0,0.392
9606.ENSP00000326247,9606.ENSP00000490935,SAMD9L,IFIT2,9606,0.853,0.0,0.0,0.0,0.636,0.106,0.0,0.586
9606.ENSP00000327890,9606.ENSP00000357152,IL3RA,CD1C,9606,0.874,0.0,0.0,0.0,0.072,0.0,0.0,0.87
9606.ENSP00000341198,9606.ENSP00000421280,NEO1,MYO10,9606,0.877,0.0,0.0,0.0,0.0,0.23,0.7,0.513
9606.ENSP00000344741,9606.ENSP00000360316,INSIG1,DHCR24,9606,0.806,0.0,0.0,0.0,0.193,0.0,0.0,0.77
9606.ENSP00000344741,9606.ENSP00000354476,INSIG1,SREBF2,9606,0.997,0.0,0.0,0.0,0.166,0.51,0.9,0.951
9606.ENSP00000347457,9606.ENSP00000369981,DNM3,SH3GL2,9606,0.837,0.0,0.0,0.0,0.17,0.396,0.5,0.429
9606.ENSP00000348056,9606.ENSP00000391803,UBE2I,MITF,9606,0.743,0.0,0.0,0.0,0.0,0.512,0.4,0.195
9606.ENSP00000348056,9606.ENSP00000438574,UBE2I,PIAS1,9606,0.999,0.0,0.0,0.0,0.049,0.939,0.4,0.994
9606.ENSP00000348416,9606.ENSP00000496414,TJP1,RDX,9606,0.704,0.0,0.0,0.0,0.16,0.0,0.0,0.662
9606.ENSP00000348416,9606.ENSP00000370299,TJP1,SHROOM2,9606,0.868,0.0,0.0,0.0,0.107,0.0,0.0,0.859
9606.ENSP00000352272,9606.ENSP00000355537,MYOZ1,ACTN2,9606,0.998,0.0,0.0,0.0,0.41,0.926,0.0,0.961
9606.ENSP00000353408,9606.ENSP00000362924,MSN,GSN,9606,0.749,0.0,0.0,0.0,0.056,0.0,0.5,0.512
9606.ENSP00000353408,9606.ENSP00000496414,MSN,RDX,9606,0.999,0.0,0.0,0.05,0.056,0.776,0.9,0.982
9606.ENSP00000354476,9606.ENSP00000360316,SREBF2,DHCR24,9606,0.708,0.0,0.0,0.0,0.21,0.0,0.0,0.645
9606.ENSP00000354476,9606.ENSP00000358414,SREBF2,HMGCS2,9606,0.833,0.0,0.0,0.0,0.0,0.0,0.0,0.833
9606.ENSP00000355180,9606.ENSP00000386896,COL6A1,ITGA6,9606,0.771,0.0,0.0,0.0,0.085,0.0,0.65,0.343
9606.ENSP00000355180,9606.ENSP00000452120,COL6A1,ITGA7,9606,0.796,0.0,0.0,0.0,0.099,0.0,0.65,0.406
9606.ENSP00000355537,9606.ENSP00000499593,ACTN2,TNNT2,9606,0.913,0.0,0.0,0.0,0.369,0.058,0.0,0.865
9606.ENSP00000356399,9606.ENSP00000498879,CFH,CD59,9606,0.83,0.0,0.0,0.0,0.08,0.0,0.0,0.823
9606.ENSP00000360371,9606.ENSP00000377854,SSBP3,LHX6,9606,0.794,0.0,0.0,0.0,0.0,0.794,0.0,0.0
9606.ENSP00000360683,9606.ENSP00000438574,PTPN1,PIAS1,9606,0.701,0.0,0.0,0.0,0.081,0.308,0.0,0.567
9606.ENSP00000360683,9606.ENSP00000395535,PTPN1,MECP2,9606,0.776,0.0,0.0,0.0,0.059,0.0,0.75,0.125
9606.ENSP00000361238,9606.ENSP00000417960,RSPH9,CCDC39,9606,0.834,0.0,0.0,0.0,0.049,0.071,0.0,0.827
9606.ENSP00000362924,9606.ENSP00000496414,GSN,RDX,9606,0.8,0.0,0.0,0.0,0.063,0.0,0.5,0.608
9606.ENSP00000364765,9606.ENSP00000496414,LAYN,RDX,9606,0.759,0.0,0.0,0.0,0.047,0.0,0.0,0.758
9606.ENSP00000365012,9606.ENSP00000371278,HCK,CDC37L1,9606,0.711,0.0,0.0,0.0,0.0,0.142,0.0,0.678
9606.ENSP00000365012,9606.ENSP00000375629,HCK,LILRB2,9606,0.864,0.0,0.0,0.0,0.759,0.081,0.0,0.438
9606.ENSP00000368022,9606.ENSP00000448182,OPTN,TBC1D15,9606,0.759,0.0,0.0,0.0,0.086,0.612,0.0,0.377
9606.ENSP00000371471,9606.ENSP00000493536,RSAD2,SAMHD1,9606,0.773,0.0,0.0,0.0,0.109,0.0,0.5,0.532
9606.ENSP00000371471,9606.ENSP00000490935,RSAD2,IFIT2,9606,0.962,0.0,0.0,0.0,0.816,0.094,0.0,0.793
9606.ENSP00000372170,9606.ENSP00000377854,MSX1,LHX6,9606,0.738,0.0,0.0,0.0,0.061,0.071,0.0,0.723
9606.ENSP00000375629,9606.ENSP00000471493,LILRB2,FPR1,9606,0.757,0.0,0.0,0.0,0.539,0.091,0.0,0.467
9606.ENSP00000377769,9606.ENSP00000403465,ARL13B,CC2D2A,9606,0.932,0.0,0.0,0.0,0.044,0.0,0.0,0.932
9606.ENSP00000378972,9606.ENSP00000378992,SULT1A1,SULT1A2,9606,0.998,0.0,0.0,0.047,0.93,0.793,0.9,0.054
9606.ENSP00000406012,9606.ENSP00000497174,IFT140,DYNC2H1,9606,0.767,0.0,0.0,0.0,0.111,0.0,0.0,0.749
9606.ENSP00000478187,9606.ENSP00000482093,CRY2,PER3,9606,0.999,0.0,0.0,0.0,0.114,0.958,0.0,0.984
9606.ENSP00000490935,9606.ENSP00000493536,IFIT2,SAMHD1,9606,0.701,0.0,0.0,0.0,0.114,0.0,0.5,0.379
9606.ENSP00000011653,9606.ENSP00000433138,CD4,CASP1,9606,0.715,0.0,0.0,0.0,0.12,0.046,0.0,0.687
9606.ENSP00000011653,9606.ENSP00000356792,CD4,XCL1,9606,0.724,0.0,0.0,0.0,0.14,0.091,0.0,0.675
9606.ENSP00000011653,9606.ENSP00000265371,CD4,NRP1,9606,0.725,0.0,0.0,0.0,0.056,0.0,0.0,0.721
9606.ENSP00000011653,9606.ENSP00000368450,CD4,CD83,9606,0.754,0.0,0.0,0.0,0.063,0.0,0.0,0.748
9606.ENSP00000011653,9606.ENSP00000229402,CD4,KLRB1,9606,0.787,0.0,0.0,0.0,0.094,0.091,0.0,0.763
9606.ENSP00000011653,9606.ENSP00000376197,CD4,TFRC,9606,0.88,0.0,0.0,0.0,0.055,0.096,0.4,0.794
9606.ENSP00000011653,9606.ENSP00000368632,CD4,GATA3,9606,0.899,0.0,0.0,0.0,0.047,0.058,0.0,0.896
9606.ENSP00000011653,9606.ENSP00000398632,CD4,CD44,9606,0.95,0.0,0.0,0.0,0.055,0.0,0.0,0.949
9606.ENSP00000209668,9606.ENSP00000426083,ADH1A,ADH1C,9606,0.983,0.0,0.0,0.048,0.777,0.0,0.9,0.302
9606.ENSP00000216336,9606.ENSP00000321326,CTSG,F2R,9606,0.789,0.0,0.0,0.0,0.0,0.051,0.65,0.417
9606.ENSP00000216336,9606.ENSP00000433138,CTSG,CASP1,9606,0.877,0.0,0.0,0.0,0.09,0.0,0.75,0.506
9606.ENSP00000216336,9606.ENSP00000296435,CTSG,CAMP,9606,0.971,0.0,0.0,0.0,0.471,0.0,0.0,0.948
9606.ENSP00000234195,9606.ENSP00000417175,RMDN2,VAPB,9606,0.806,0.0,0.0,0.0,0.0,0.735,0.0,0.297
9606.ENSP00000252699,9606.ENSP00000360305,ACTN4,PDLIM1,9606,0.97,0.0,0.0,0.0,0.163,0.818,0.0,0.821
9606.ENSP00000262406,9606.ENSP00000334851,RGS9,RGS7BP,9606,0.799,0.0,0.0,0.0,0.059,0.516,0.0,0.594
9606.ENSP00000264431,9606.ENSP00000296859,RAPGEF2,RAPGEF6,9606,0.963,0.0,0.0,0.058,0.088,0.611,0.9,0.075
9606.ENSP00000264431,9606.ENSP00000438262,RAPGEF2,TJP2,9606,0.98,0.0,0.0,0.0,0.049,0.0,0.9,0.812
9606.ENSP00000266674,9606.ENSP00000398632,LGR5,CD44,9606,0.793,0.0,0.0,0.0,0.051,0.0,0.0,0.791
9606.ENSP00000309591,9606.ENSP00000358363,PRKACA,PDE4DIP,9606,0.832,0.0,0.0,0.0,0.051,0.806,0.0,0.159
9606.ENSP00000378340,9606.ENSP00000398632,COL4A6,CD44,9606,0.911,0.0,0.0,0.0,0.0,0.0,0.9,0.15
9606.ENSP00000388996,9606.ENSP00000500695,AP1M1,AP1S2,9606,0.999,0.0,0.0,0.0,0.06,0.937,0.9,0.955
9606.ENSP00000398632,9606.ENSP00000446007,CD44,VIM,9606,0.809,0.0,0.0,0.0,0.268,0.0,0.0,0.75
9606.ENSP00000433138,9606.ENSP00000462521,CASP1,TXNIP,9606,0.867,0.0,0.0,0.0,0.083,0.0,0.0,0.861
