Gene,Degree,Degree_Centrality,Betweenness_Centrality,Closeness_Centrality
IL6,20,0.02631578947368421,0.004268568324632398,0.029681301243057394
PIK3R3,14,0.018421052631578946,0.008677787631297526,0.04946576968737633
GNAQ,14,0.018421052631578946,0.002491642593607864,0.03675389591296677
FGF2,14,0.018421052631578946,0.0039614779411521915,0.03932119205298013
VWF,13,0.017105263157894738,0.006654782154176422,0.04333941605839416
CDH5,12,0.015789473684210527,0.0034495202976829033,0.04256272401433692
PTEN,11,0.014473684210526316,0.0028725055922525335,0.04230834320528008
GNAI1,11,0.014473684210526316,0.003214962204479636,0.043569187870338096
TYROBP,10,0.013157894736842105,0.0037867230658992666,0.033060037027241466
ANGPT1,10,0.013157894736842105,0.003829387659647453,0.04398148148148148
VCL,10,0.013157894736842105,0.0023642604535053045,0.023562216800278844
TEK,10,0.013157894736842105,0.00329461616142192,0.043498168498168496
BDNF,10,0.013157894736842105,0.003019924841165923,0.0389344262295082
DMD,10,0.013157894736842105,0.0027711901624945102,0.027110103854955114
TLR4,10,0.013157894736842105,0.010804250415234402,0.039349131323454266
FYN,9,0.011842105263157895,0.005295006290429633,0.040736516213133456
CXCL12,9,0.011842105263157895,0.00044641412490382715,0.024817558602388323
CD34,9,0.011842105263157895,0.0010457880537972071,0.025027876895628902
GNG2,9,0.011842105263157895,0.0008139600362645182,0.037169194171870354
ITGA5,8,0.010526315789473684,0.00160402653537665,0.022376696458126448
PRKCB,8,0.010526315789473684,0.002229782265116766,0.03881384878124514
JUN,8,0.010526315789473684,0.0008857659629970845,0.034535156789611825
CD4,8,0.010526315789473684,0.0003085777685320019,0.012335526315789474
PECAM1,8,0.010526315789473684,0.0005175983436853004,0.025134378499440092
TTN,8,0.010526315789473684,0.006942190786584378,0.031357528250025454
PPARG,7,0.009210526315789473,0.0008385753580261587,0.025134378499440092
GNA11,7,0.009210526315789473,0.0002740010621286699,0.03556187766714083
CAV1,7,0.009210526315789473,0.0016033661228169235,0.03631498470948012
COL6A1,7,0.009210526315789473,0.0003684441670711693,0.018924972004479287
RDX,7,0.009210526315789473,0.0003664794397059842,0.018824839877471456
FGF7,7,0.009210526315789473,0.0011938938254727725,0.024817558602388323
KDR,7,0.009210526315789473,0.0024963814895164966,0.03275119617224881
TLN1,7,0.009210526315789473,0.0022241869495874074,0.026840798187521785
FCGR3A,7,0.009210526315789473,0.00018607123870281763,0.026907760198041114
PIK3R1,7,0.009210526315789473,0.010114306407212578,0.03823547666335651
TIE1,6,0.007894736842105263,0.0002992586674778086,0.03793929712460064
MSMO1,6,0.007894736842105263,2.4270161569932736e-05,0.008059210526315789
CALM1,6,0.007894736842105263,0.009068694463431302,0.035552285318559564
PDGFRA,6,0.007894736842105263,0.0022859891824422722,0.03951319740793425
FCGR3B,6,0.007894736842105263,0.00017393615791785126,0.02685284640171858
PDGFRB,6,0.007894736842105263,0.0007672838222037312,0.04124731892426992
H3-3B,6,0.007894736842105263,0.0032994046380774066,0.02786122144985104
GNG12,6,0.007894736842105263,0.001286948485848069,0.04230834320528008
ERBB4,6,0.007894736842105263,0.0006097754267090651,0.020871303700948484
HGF,6,0.007894736842105263,0.0005209994683678894,0.023913275090560408
FGFR2,6,0.007894736842105263,0.0005463612530512517,0.03687888198757764
MAOB,6,0.007894736842105263,0.0012828513972678731,0.030448717948717948
GNAI2,6,0.007894736842105263,0.004987595250753152,0.03242368421052632
CLDN5,6,0.007894736842105263,0.0008884612717564663,0.03609422492401216
AKT3,6,0.007894736842105263,0.0016888254877890094,0.040736516213133456
MSN,6,0.007894736842105263,0.00016977555879157705,0.018530701754385964
TGFB1,6,0.007894736842105263,0.0014423410304417168,0.0174406604747162
PTGS1,5,0.006578947368421052,0.0008500077917226913,0.028480291638186373
FGFR4,5,0.006578947368421052,0.0002204476548264407,0.03665123456790124
ITGA8,5,0.006578947368421052,0.0008009153318077803,0.03298611111111111
GSN,5,0.006578947368421052,0.00034902803781522315,0.018530701754385964
FBN1,5,0.006578947368421052,0.001147169636872154,0.02021531100478469
SREBF2,5,0.006578947368421052,3.467165938561819e-06,0.007163742690058479
CFTR,5,0.006578947368421052,0.0029131458422076238,0.023598023442886692
PRF1,5,0.006578947368421052,0.003311066423194574,0.02747769848349688
NCK1,5,0.006578947368421052,0.00043248767505060397,0.03546602354943963
ARHGEF12,5,0.006578947368421052,0.0012567568460016968,0.03546602354943963
PTGS2,5,0.006578947368421052,0.0014856806046737398,0.03166375411184211
GNG7,5,0.006578947368421052,0.00017685070148389565,0.036347775516138416
AR,5,0.006578947368421052,0.0032626031481866723,0.0249222740395292
SELE,5,0.006578947368421052,0.0,0.023913275090560408
ENG,5,0.006578947368421052,9.699809470976517e-05,0.020652373941847626
SELP,5,0.006578947368421052,0.0,0.023913275090560408
FLT1,5,0.006578947368421052,0.0013660853935453497,0.03255389980976538
PTPRB,5,0.006578947368421052,0.00014920370755611026,0.03609422492401216
CREB5,5,0.006578947368421052,0.0006607388065188578,0.03508771929824561
CACNA1C,5,0.006578947368421052,0.0012828513972678731,0.014641542126922244
AGER,5,0.006578947368421052,0.0018688024408848208,0.028545673076923076
SFTPA1,5,0.006578947368421052,0.0002663939162795002,0.023561507936507936
LAMB1,5,0.006578947368421052,5.859510436169476e-05,0.0174406604747162
PXN,5,0.006578947368421052,0.0002016734854263458,0.020447670901391414
GABARAPL1,5,0.006578947368421052,0.001671173982386797,0.03232897969740075
HMGCS1,5,0.006578947368421052,3.467165938561819e-06,0.007163742690058479
ADRB2,5,0.006578947368421052,0.0021790312408161375,0.030063291139240507
ROBO4,5,0.006578947368421052,0.0021791137923861037,0.03326330532212885
NEDD4,5,0.006578947368421052,0.000970084080529632,0.03322700691121744
PPP2CA,5,0.006578947368421052,0.0023890839253775053,0.03738038277511962
SFTPC,5,0.006578947368421052,0.0002663939162795002,0.023561507936507936
TJP1,5,0.006578947368421052,0.00042322538890044624,0.019656876999127652
GJA1,5,0.006578947368421052,0.0016437833714721588,0.020330827067669175
VEGFD,5,0.006578947368421052,7.912519421470824e-05,0.03345070422535211
DHCR24,5,0.006578947368421052,2.0802995631370915e-05,0.007163742690058479
CD36,5,0.006578947368421052,0.0036569932736980793,0.035553892215568865
LYVE1,4,0.005263157894736842,0.0001450431084298361,0.035342261904761904
ARMC4,4,0.005263157894736842,0.0,0.005263157894736842
RSPH4A,4,0.005263157894736842,0.0,0.005263157894736842
INSIG1,4,0.005263157894736842,0.0,0.0064473684210526305
EMCN,4,0.005263157894736842,0.00033662247923925133,0.034420289855072464
AGTR1,4,0.005263157894736842,0.0012620484016365023,0.024739583333333332
WWTR1,4,0.005263157894736842,0.0006675925385543098,0.03004085556356645
NTRK2,4,0.005263157894736842,6.095802165259696e-05,0.03642638036809816
ACTA2,4,0.005263157894736842,0.0008085430968726168,0.019442047742306585
ACTN2,4,0.005263157894736842,0.0009311651988997529,0.020806401969836873
PIK3C3,4,0.005263157894736842,0.0018434610139415636,0.03987240829346093
SFTPD,4,0.005263157894736842,0.00010517070013637536,0.023514851485148515
RSPH1,4,0.005263157894736842,0.0,0.005263157894736842
IL7R,4,0.005263157894736842,0.004530765869438637,0.03229450618578319
NOTCH4,4,0.005263157894736842,0.0004541987379515984,0.012203675511091779
P2RY12,4,0.005263157894736842,0.001861868109007697,0.027019736842105263
CD74,4,0.005263157894736842,0.0006240128208091599,0.020784412955465587
CD44,4,0.005263157894736842,0.00013521947160391096,0.009251644736842105
GSK3B,4,0.005263157894736842,3.1204493447056376e-05,0.005482456140350877
SGCB,4,0.005263157894736842,5.200748907842729e-06,0.023028184808612445
CXCL2,4,0.005263157894736842,0.00048106927397545244,0.03255389980976538
ANK2,4,0.005263157894736842,6.067540392483184e-05,0.026446724478406458
CSF3,4,0.005263157894736842,0.001606877316259469,0.033220987920621226
HEY2,4,0.005263157894736842,0.0010800221898620067,0.01396354361080005
MCAM,4,0.005263157894736842,0.0006656958602038693,0.020652373941847626
IGF2,4,0.005263157894736842,0.0007593093405450385,0.027019736842105263
VEGFC,4,0.005263157894736842,0.0013829809481983378,0.027999727297518408
CAVIN1,4,0.005263157894736842,0.0004416013683748237,0.03141534391534392
SGCE,4,0.005263157894736842,0.00038138825324180017,0.023028184808612445
ALOX5,4,0.005263157894736842,0.00038312183621108106,0.02623275421563618
FZD4,4,0.005263157894736842,1.5602246723528188e-05,0.005482456140350877
SFRP1,4,0.005263157894736842,8.66791484640455e-06,0.005482456140350877
DCN,4,0.005263157894736842,0.0019728174190416755,0.03132832080200501
FOS,4,0.005263157894736842,8.783487044356609e-05,0.025027876895628902
NID1,4,0.005263157894736842,0.0010158796199986131,0.025699013157894735
SNCA,4,0.005263157894736842,0.0081711607741356,0.03744074389206272
CALD1,4,0.005263157894736842,0.0032771790037236215,0.030473387415908194
GAB2,4,0.005263157894736842,0.00017104685296904978,0.039160401002506263
KLRD1,4,0.005263157894736842,0.00034324942791762013,0.02674368848951647
GATA6,4,0.005263157894736842,0.0023611400041605992,0.01851592146510477
ARHGEF6,4,0.005263157894736842,0.0006105761769377331,0.03508771929824561
PTH1R,4,0.005263157894736842,6.934331877123639e-07,0.034535156789611825
MRAS,4,0.005263157894736842,0.0012652988697039044,0.04086302713305001
PREX1,4,0.005263157894736842,0.00024864532873686187,0.03881384878124514
MNDA,4,0.005263157894736842,1.0401497815685458e-05,0.02674368848951647
ITGA1,4,0.005263157894736842,0.0004819360654600929,0.03289473684210526
AKAP12,4,0.005263157894736842,0.0022402762505737334,0.035342261904761904
LPL,4,0.005263157894736842,0.0009638721309201858,0.02820665083135392
BMP2,4,0.005263157894736842,0.0007194369322515775,0.03183646112600536
RSPH9,4,0.005263157894736842,0.0,0.005263157894736842
CCDC39,4,0.005263157894736842,0.0,0.005263157894736842
TLR8,4,0.005263157894736842,1.73358296928091e-05,0.005482456140350877
RSAD2,3,0.003947368421052632,1.7335829692809098e-06,0.003947368421052632
PPBP,3,0.003947368421052632,0.0009638721309201858,0.03280386740331492
LILRB2,3,0.003947368421052632,3.4671659385618195e-06,0.004699248120300752
CASP1,3,0.003947368421052632,0.00016295679911240552,0.009868421052631578
OPTN,3,0.003947368421052632,1.0401497815685458e-05,0.003947368421052632
PTGER4,3,0.003947368421052632,0.0009661578506645132,0.03408781019907281
ANK3,3,0.003947368421052632,0.0006830316898966785,0.026210945690920525
GRK5,3,0.003947368421052632,8.66791484640455e-06,0.02458592132505176
ROBO2,3,0.003947368421052632,0.00032764718119409193,0.022113594040968344
ITGA9,3,0.003947368421052632,0.0,0.017271333673990804
ESAM,3,0.003947368421052632,0.0,0.03462099125364432
LRP1,3,0.003947368421052632,0.00034671659385618195,0.010716550412175016
PRNP,3,0.003947368421052632,0.0006656958602038693,0.01244019138755981
KAT2B,3,0.003947368421052632,1.0401497815685458e-05,0.003947368421052632
ITGA6,3,0.003947368421052632,0.0,0.017271333673990804
AGTR2,3,0.003947368421052632,0.00032591359822481105,0.020833333333333332
KLF4,3,0.003947368421052632,0.0015740933361070662,0.03076424870466321
NES,3,0.003947368421052632,0.0006448928645724984,0.03166666666666667
HCK,3,0.003947368421052632,1.3868663754247278e-05,0.004699248120300752
IFIT2,3,0.003947368421052632,1.7335829692809098e-06,0.003947368421052632
MYOCD,3,0.003947368421052632,0.0009569377990430622,0.025052742616033755
MYH11,3,0.003947368421052632,0.0001612232161431246,0.02101769911504425
LDB3,3,0.003947368421052632,1.0401497815685458e-05,0.003947368421052632
CNN1,3,0.003947368421052632,0.0001612232161431246,0.02101769911504425
HMGCS2,3,0.003947368421052632,0.0,0.00537280701754386
ULK2,3,0.003947368421052632,0.0003142985923306289,0.033395671920919044
SETBP1,3,0.003947368421052632,1.73358296928091e-05,0.004210526315789474
RHOB,3,0.003947368421052632,0.0006830316898966785,0.028235825615541
NKD1,3,0.003947368421052632,0.0010158796199986131,0.02956830277942046
CACNA1D,3,0.003947368421052632,0.0004136163861564319,0.030317729808391945
ACE,3,0.003947368421052632,0.00032591359822481105,0.020833333333333332
PLA2G4C,3,0.003947368421052632,0.00038543328017012237,0.02943600612268927
SCGB1A1,3,0.003947368421052632,0.0,0.0199244966442953
FOXO3,3,0.003947368421052632,0.0,0.03348064818534886
LATS2,3,0.003947368421052632,0.00023407704042715486,0.02805521265851195
CPA3,3,0.003947368421052632,1.7335829692809098e-06,0.003947368421052632
TPSAB1,3,0.003947368421052632,1.7335829692809098e-06,0.003947368421052632
CCN2,3,0.003947368421052632,0.0011189507585388596,0.03041621408116915
HPGDS,3,0.003947368421052632,6.934331877123639e-06,0.003947368421052632
TAGLN,3,0.003947368421052632,0.0008493786068156778,0.029476076555023923
NLGN4X,3,0.003947368421052632,3.813882532418002e-05,0.004736842105263158
CX3CL1,3,0.003947368421052632,0.0,0.022805324121113593
JUNB,3,0.003947368421052632,1.1268289300325913e-05,0.029634898055950685
SGCA,3,0.003947368421052632,6.934331877123639e-06,0.003947368421052632
EGR1,3,0.003947368421052632,7.180335555621601e-05,0.03289473684210526
SIRPA,3,0.003947368421052632,0.0,0.026635414447048793
HK3,3,0.003947368421052632,0.00034324942791762013,0.026635414447048793
FGFR1,3,0.003947368421052632,0.00038320023218731,0.03813882532418002
VAMP2,3,0.003947368421052632,0.0007593093405450385,0.03007762913777952
DNALI1,3,0.003947368421052632,0.0,0.003947368421052632
PIH1D3,3,0.003947368421052632,0.0,0.003947368421052632
ZMYND10,3,0.003947368421052632,0.0,0.003947368421052632
HBEGF,3,0.003947368421052632,0.0,0.019887471203260676
DNAI2,3,0.003947368421052632,0.0,0.003947368421052632
CXCR2,3,0.003947368421052632,0.0,0.022805324121113593
TBXA2R,3,0.003947368421052632,0.0002623746135658909,0.029174932897654333
WNT2B,3,0.003947368421052632,3.4671659385618195e-06,0.004699248120300752
ADCY9,3,0.003947368421052632,0.0012361217052292586,0.027246793454223796
PDE3B,3,0.003947368421052632,0.0009466133493593451,0.023495423340961098
PARVA,3,0.003947368421052632,1.7335829692809098e-06,0.022769441159077468
SSPN,3,0.003947368421052632,0.0,0.02299552071668533
SHC3,3,0.003947368421052632,0.0002323001178836419,0.01712051868802441
TNFSF10,3,0.003947368421052632,0.0007593093405450385,0.02329287658802178
LAMA2,3,0.003947368421052632,6.934331877123639e-06,0.023060941828254848
EFNB2,3,0.003947368421052632,0.0,0.02743120491584291
ATF3,3,0.003947368421052632,0.0,0.02245847508505103
CNR1,3,0.003947368421052632,0.00038138825324180017,0.02697477887730975
PBX1,3,0.003947368421052632,1.0401497815685458e-05,0.003947368421052632
DUSP1,3,0.003947368421052632,0.0,0.02245847508505103
TBX5,3,0.003947368421052632,0.0018722696068233825,0.01609422056503657
LMO2,3,0.003947368421052632,0.0004541987379515984,0.01899221526485023
SMARCA2,3,0.003947368421052632,0.00040161338788341077,0.0238168505942275
GATA2,3,0.003947368421052632,0.0008683269438418176,0.02372120059184105
GJA5,3,0.003947368421052632,0.00045073157201303655,0.013768249294565084
RAB11A,3,0.003947368421052632,0.0007593093405450385,0.02044368487422845
TGFB2,3,0.003947368421052632,6.082399675077019e-05,0.0238168505942275
LAMA4,3,0.003947368421052632,0.00036312784596537456,0.025291485343624274
CYP3A5,3,0.003947368421052632,0.0007593093405450385,0.022962949157596543
TMOD1,3,0.003947368421052632,0.00038138825324180017,0.025980516194331987
EDN1,3,0.003947368421052632,0.00022883295194508008,0.0228937168502652
ADCY4,3,0.003947368421052632,3.293807641633728e-05,0.004736842105263158
HEY1,3,0.003947368421052632,5.200748907842729e-06,0.012178513293543136
FBLN1,3,0.003947368421052632,0.0004541987379515984,0.016407163742690058
APOH,3,0.003947368421052632,0.0009020410050158333,0.03147930505876342
DOCK4,3,0.003947368421052632,0.00017711439336153293,0.018939067879980325
GNLY,3,0.003947368421052632,1.73358296928091e-05,0.004210526315789474
RAMP3,3,0.003947368421052632,1.7335829692809098e-06,0.003947368421052632
RAMP2,3,0.003947368421052632,1.7335829692809098e-06,0.003947368421052632
CTSG,3,0.003947368421052632,9.361348034116913e-05,0.007401315789473684
MSR1,2,0.002631578947368421,0.0005954279638490164,0.02824362736108564
KCNA5,2,0.002631578947368421,0.00034324942791762013,0.03132832080200501
SLC9A3R2,2,0.002631578947368421,0.0009117105455778219,0.022898082069580734
LHX6,2,0.002631578947368421,3.4671659385618195e-06,0.002631578947368421
SCNN1G,2,0.002631578947368421,0.0007558421746064767,0.02044368487422845
ANO1,2,0.002631578947368421,0.0024061691338579188,0.02627527083511047
KLRF1,2,0.002631578947368421,1.0401497815685458e-05,0.003508771929824561
SAMHD1,2,0.002631578947368421,0.0,0.0029605263157894738
RRAS,2,0.002631578947368421,1.73358296928091e-05,0.0033834586466165413
PROS1,2,0.002631578947368421,3.4671659385618195e-06,0.002631578947368421
CNTN1,2,0.002631578947368421,0.00045073157201303655,0.01697292800967937
TGFBR2,2,0.002631578947368421,0.0011004592068665298,0.03203921364676514
CBFA2T3,2,0.002631578947368421,6.934331877123639e-06,0.0029605263157894738
FABP4,2,0.002631578947368421,0.0,0.028007075471698114
SPI1,2,0.002631578947368421,6.934331877123639e-06,0.0029605263157894738
IL6ST,2,0.002631578947368421,3.7395861194488176e-05,0.030588381330685206
ELN,2,0.002631578947368421,0.0006656958602038693,0.019820734722712823
CAVIN2,2,0.002631578947368421,0.0,0.029034229828850854
PTPN1,2,0.002631578947368421,1.0401497815685458e-05,0.003007518796992481
RARRES2,2,0.002631578947368421,0.00038138825324180017,0.022642237577183182
PLCB4,2,0.002631578947368421,3.4671659385618195e-06,0.002631578947368421
PTGDS,2,0.002631578947368421,0.0,0.0029605263157894738
CALCRL,2,0.002631578947368421,0.0,0.0029605263157894738
VIPR1,2,0.002631578947368421,0.0,0.0029605263157894738
ZEB2,2,0.002631578947368421,3.4671659385618195e-06,0.002631578947368421
ELMO1,2,0.002631578947368421,0.00029218577845580165,0.020837843322960358
MAGI2,2,0.002631578947368421,1.73358296928091e-05,0.0036437246963562757
NFASC,2,0.002631578947368421,0.00022883295194508008,0.014336356668369955
PDE2A,2,0.002631578947368421,6.934331877123639e-06,0.0036437246963562757
PDE1C,2,0.002631578947368421,6.934331877123639e-06,0.0036437246963562757
GUCY1A1,2,0.002631578947368421,1.7335829692809098e-06,0.0029605263157894738
PTGIS,2,0.002631578947368421,0.0,0.0029605263157894738
C20orf85,2,0.002631578947368421,6.934331877123639e-06,0.0029605263157894738
ZYX,2,0.002631578947368421,0.00038138825324180017,0.022769441159077468
COLGALT2,2,0.002631578947368421,3.4671659385618195e-06,0.002631578947368421
TGFB1I1,2,0.002631578947368421,0.0,0.02273750645899461
EBF1,2,0.002631578947368421,0.0,0.019688596491228068
LTC4S,2,0.002631578947368421,0.00034324942791762013,0.02353827323227568
FERMT2,2,0.002631578947368421,0.0,0.02273750645899461
ATP1A2,2,0.002631578947368421,3.4671659385618195e-06,0.002631578947368421
GAB1,2,0.002631578947368421,6.847652728659594e-05,0.019115142224493273
GIMAP6,2,0.002631578947368421,3.4671659385618195e-06,0.002631578947368421
TMOD2,2,0.002631578947368421,0.0,0.025897511350260638
CD274,2,0.002631578947368421,0.0003501837597947438,0.023427517493154852
CCRL2,2,0.002631578947368421,0.0007558421746064767,0.026664213988919667
RETN,2,0.002631578947368421,0.0,0.022717611336032385
COL4A2,2,0.002631578947368421,0.00043940549661373464,0.02619037496811496
C5AR1,2,0.002631578947368421,0.00022132075907819614,0.026840798187521785
SEPTIN11,2,0.002631578947368421,0.0,0.002631578947368421
SEPTIN7,2,0.002631578947368421,0.0,0.002631578947368421
SEPTIN4,2,0.002631578947368421,0.0,0.002631578947368421
SERPING1,2,0.002631578947368421,6.356470887363335e-05,0.024941295546558703
WNT2,2,0.002631578947368421,0.0,0.004111842105263158
SOX18,2,0.002631578947368421,0.00038138825324180017,0.026885310290652005
CD69,2,0.002631578947368421,0.0,0.02241549358916883
NR3C2,2,0.002631578947368421,0.00038138825324180017,0.017993165488638357
GJC1,2,0.002631578947368421,0.0,0.011956637545280204
GJA4,2,0.002631578947368421,0.0,0.011956637545280204
HSPB8,2,0.002631578947368421,0.00022883295194508008,0.016271567348122372
SNTN,2,0.002631578947368421,6.934331877123639e-06,0.0029605263157894738
HEYL,2,0.002631578947368421,0.0,0.012103645383951683
MRC1,2,0.002631578947368421,0.0008415967454869056,0.03197601993148552
ACVRL1,2,0.002631578947368421,0.00031412523403370084,0.033545197740113
NPNT,2,0.002631578947368421,0.0,0.026214128035320087
SPARC,2,0.002631578947368421,0.0,0.025549310168625446
SYNE1,2,0.002631578947368421,0.00038138825324180017,0.025938947368421054
CAV2,2,0.002631578947368421,0.0,0.029034229828850854
FRAS1,2,0.002631578947368421,0.0,0.026214128035320087
FOXA2,2,0.002631578947368421,0.002433950488870397,0.02132338970169105
CYP2U1,2,0.002631578947368421,0.0,0.026148132427843807
EPB41L3,2,0.002631578947368421,1.73358296928091e-05,0.0033834586466165413
CADM1,2,0.002631578947368421,2.7737327508494556e-05,0.00430622009569378
CBX7,2,0.002631578947368421,0.00022883295194508008,0.02140064836003051
AOX1,2,0.002631578947368421,3.4671659385618195e-06,0.002631578947368421
FOXO1,2,0.002631578947368421,1.3868663754247278e-05,0.004111842105263158
PLA2G5,2,0.002631578947368421,0.0,0.026148132427843807
NCALD,2,0.002631578947368421,3.4671659385618195e-06,0.002631578947368421
DKK3,2,0.002631578947368421,0.0,0.003654970760233918
A2M,2,0.002631578947368421,0.0002166978711601137,0.026752214695153726
RPS20,2,0.002631578947368421,0.0,0.018570265870862725
ROS1,2,0.002631578947368421,2.0802995631370915e-05,0.020573403686882184
HLA-E,2,0.002631578947368421,0.0008892510151091399,0.023598023442886692
ZNF423,2,0.002631578947368421,0.0,0.019688596491228068
RAPGEF4,2,0.002631578947368421,2.7737327508494556e-05,0.00430622009569378
TEKT1,2,0.002631578947368421,3.4671659385618195e-06,0.002631578947368421
SMAD9,2,0.002631578947368421,8.090053856644244e-06,0.019053480475382002
BMP6,2,0.002631578947368421,0.0001561050188052476,0.022544194455604658
HSPB2,2,0.002631578947368421,0.00045073157201303655,0.019754444640028162
LMOD1,2,0.002631578947368421,0.0,0.027201077357824094
PODXL,2,0.002631578947368421,0.0009597555592978926,0.02339371155160629
PDPN,2,0.002631578947368421,0.0011173960373045031,0.024415424857324033
PPFIBP1,2,0.002631578947368421,3.4671659385618195e-06,0.002631578947368421
TCF4,2,0.002631578947368421,3.4671659385618195e-06,0.002631578947368421
DTNA,2,0.002631578947368421,0.0,0.0029605263157894738
FLT4,2,0.002631578947368421,0.00034324942791762013,0.0362476439031463
EXT1,2,0.002631578947368421,3.4671659385618195e-06,0.002631578947368421
C1QA,2,0.002631578947368421,0.0,0.02658160552897395
SLIT3,2,0.002631578947368421,0.0003189792663476874,0.026565995525727068
SLIT2,2,0.002631578947368421,0.0003189792663476874,0.026565995525727068
MMRN2,2,0.002631578947368421,0.0006448928645724984,0.026565995525727068
CLEC14A,2,0.002631578947368421,0.00032591359822481105,0.022031539888682745
NPR1,2,0.002631578947368421,1.7335829692809098e-06,0.0029605263157894738
SYNM,2,0.002631578947368421,0.00032591359822481105,0.02542826552462527
WWP2,2,0.002631578947368421,0.00012426487826945498,0.03224974200206398
SMAD7,2,0.002631578947368421,1.0112567320805306e-05,0.026689441656880537
UTRN,2,0.002631578947368421,0.0,0.0029605263157894738
CFAP43,2,0.002631578947368421,0.0,0.002631578947368421
TTC29,2,0.002631578947368421,0.0,0.002631578947368421
MAATS1,2,0.002631578947368421,0.0,0.002631578947368421
AXIN2,2,0.002631578947368421,0.00034324942791762013,0.024276558555059235
COL6A2,2,0.002631578947368421,0.00034324942791762013,0.021605738484141386
PTGIR,2,0.002631578947368421,1.646903820816864e-05,0.02441167854701689
PRKG1,2,0.002631578947368421,3.478723158357026e-05,0.02799552071668533
RGS16,2,0.002631578947368421,0.0,0.034176349965823645
RGS18,2,0.002631578947368421,0.0,0.034176349965823645
FZD8,2,0.002631578947368421,0.00034324942791762013,0.028918449971081547
KL,2,0.002631578947368421,1.3868663754247278e-06,0.028683574879227052
CLU,2,0.002631578947368421,0.00032591359822481105,0.023148148148148147
ADRB1,2,0.002631578947368421,0.0,0.024334016393442622
GRIA1,2,0.002631578947368421,0.0006326752322175663,0.03166666666666667
DOK2,2,0.002631578947368421,0.0,0.03170577045022194
EIF3F,2,0.002631578947368421,0.0,0.002631578947368421
EIF3M,2,0.002631578947368421,0.0,0.002631578947368421
RPS23,2,0.002631578947368421,0.0,0.002631578947368421
MYLK,2,0.002631578947368421,0.0,0.002631578947368421
KIRREL1,2,0.002631578947368421,0.0,0.03170577045022194
CFAP53,2,0.002631578947368421,0.0,0.002631578947368421
C1orf194,2,0.002631578947368421,0.0,0.002631578947368421
CFAP52,2,0.002631578947368421,0.0,0.002631578947368421
FPR2,2,0.002631578947368421,0.0,0.03314331167970303
CSF3R,2,0.002631578947368421,1.0401497815685458e-05,0.003508771929824561
TRIB1,2,0.002631578947368421,0.0001768254628666528,0.011859649122807018
AMOTL2,2,0.002631578947368421,0.0,0.025401341190814875
MS4A2,2,0.002631578947368421,0.0,0.0029605263157894738
ABCA3,2,0.002631578947368421,0.0,0.019891122278056953
TPSB2,2,0.002631578947368421,0.0,0.0029605263157894738
ALOX15B,2,0.002631578947368421,0.0,0.024321432045918863
TPM2,2,0.002631578947368421,0.0,0.002631578947368421
TPM4,2,0.002631578947368421,0.0,0.002631578947368421
FST,2,0.002631578947368421,0.0001768254628666528,0.014062825046806742
MTMR6,2,0.002631578947368421,6.934331877123639e-06,0.0029605263157894738
MTMR9,2,0.002631578947368421,6.934331877123639e-06,0.0029605263157894738
SORBS3,2,0.002631578947368421,0.0,0.017700968840010475
SELPLG,2,0.002631578947368421,0.0,0.014949137549756747
ACTR3,2,0.002631578947368421,0.0001768254628666528,0.01476304870058965
ITGA7,2,0.002631578947368421,0.0,0.014949137549756747
SDC2,2,0.002631578947368421,0.0,0.030063291139240507
PTN,2,0.002631578947368421,1.2828513972678733e-05,0.03149867374005305
GPC3,2,0.002631578947368421,0.0,0.030063291139240507
LAMC3,2,0.002631578947368421,0.0,0.02627212389380531
MOCS1,2,0.002631578947368421,1.7335829692809098e-06,0.0029605263157894738
PDE5A,2,0.002631578947368421,1.7335829692809098e-06,0.0029605263157894738
GUCY1A2,2,0.002631578947368421,1.7335829692809098e-06,0.0029605263157894738
CEBPA,2,0.002631578947368421,0.00034671659385618195,0.014174879429649824
TIMP2,2,0.002631578947368421,0.00034671659385618195,0.014174879429649824
CFH,2,0.002631578947368421,0.0,0.002631578947368421
CD59,2,0.002631578947368421,0.0,0.002631578947368421
CFP,2,0.002631578947368421,0.0,0.002631578947368421
KCNJ2,2,0.002631578947368421,0.0013417932182234241,0.017105263157894738
HMGB1,2,0.002631578947368421,0.0001768254628666528,0.009338306395911038
BACE1,2,0.002631578947368421,0.0,0.01065237945162307
MASP1,2,0.002631578947368421,0.0,0.002631578947368421
FCN1,2,0.002631578947368421,0.0,0.002631578947368421
FCN3,2,0.002631578947368421,0.0,0.002631578947368421
IGFBP7,2,0.002631578947368421,0.0001768254628666528,0.011859649122807018
RIPOR2,2,0.002631578947368421,0.0,0.014949137549756747
CD1C,2,0.002631578947368421,6.934331877123639e-06,0.0029605263157894738
TNNT2,2,0.002631578947368421,0.00022189862006795637,0.01824561403508772
MGLL,2,0.002631578947368421,3.4671659385618195e-06,0.002631578947368421
COX4I2,2,0.002631578947368421,3.4671659385618195e-06,0.002631578947368421
ACTG2,2,0.002631578947368421,0.0,0.01804711246200608
SLC6A4,2,0.002631578947368421,0.0,0.030139593908629442
IL3RA,2,0.002631578947368421,6.934331877123639e-06,0.0029605263157894738
EFEMP2,2,0.002631578947368421,0.0001768254628666528,0.015812865497076025
FUT1,2,0.002631578947368421,0.0,0.002631578947368421
ST3GAL6,2,0.002631578947368421,0.0,0.002631578947368421
B3GNT2,2,0.002631578947368421,0.0,0.002631578947368421
PIAS1,2,0.002631578947368421,1.3868663754247278e-05,0.003508771929824561
UBE2I,2,0.002631578947368421,1.0401497815685458e-05,0.003007518796992481
SAMD9L,2,0.002631578947368421,0.0,0.0029605263157894738
FPR1,2,0.002631578947368421,0.0,0.003654970760233918
ANGPTL1,2,0.002631578947368421,0.0,0.03244535519125683
IL33,2,0.002631578947368421,0.0,0.002631578947368421
TSLP,2,0.002631578947368421,0.0,0.002631578947368421
IL1RL1,2,0.002631578947368421,0.0,0.002631578947368421
THBD,2,0.002631578947368421,0.00032591359822481105,0.03244535519125683
RAPGEF2,2,0.002631578947368421,3.4671659385618195e-06,0.002631578947368421
ACKR1,2,0.002631578947368421,0.00032591359822481105,0.026156387665198236
SNX2,1,0.0013157894736842105,0.0,0.0013157894736842105
SNX1,1,0.0013157894736842105,0.0,0.0013157894736842105
LRRFIP1,1,0.0013157894736842105,0.0,0.022086978345045177
PTCH1,1,0.0013157894736842105,0.0,0.0013157894736842105
GAS1,1,0.0013157894736842105,0.0,0.0013157894736842105
CXCL3,1,0.0013157894736842105,0.0,0.026664213988919667
EFHB,1,0.0013157894736842105,0.0,0.0017543859649122805
PCDH17,1,0.0013157894736842105,0.0,0.0013157894736842105
PCDH12,1,0.0013157894736842105,0.0,0.0013157894736842105
CLEC2B,1,0.0013157894736842105,0.0,0.002339181286549707
EPAS1,1,0.0013157894736842105,0.0,0.002368421052631579
FZD1,1,0.0013157894736842105,0.0,0.003289473684210526
PDLIM3,1,0.0013157894736842105,0.0,0.025856207504406953
GUCY1B1,1,0.0013157894736842105,0.0,0.02026480263157895
ENAH,1,0.0013157894736842105,0.0,0.019722435651171728
CTNNAL1,1,0.0013157894736842105,0.0,0.022898082069580734
PRKD1,1,0.0013157894736842105,0.0,0.022705661211853165
APLNR,1,0.0013157894736842105,0.0,0.026576790336496982
P2RY13,1,0.0013157894736842105,0.0,0.022833580429948114
TMEM119,1,0.0013157894736842105,0.0,0.022833580429948114
PCSK5,1,0.0013157894736842105,0.0,0.0013157894736842105
PCSK9,1,0.0013157894736842105,0.0,0.0013157894736842105
IGFBP6,1,0.0013157894736842105,0.0,0.022833580429948114
EPB41L2,1,0.0013157894736842105,0.0,0.002493074792243767
NR2F2,1,0.0013157894736842105,0.0,0.02273750645899461
MORN5,1,0.0013157894736842105,0.0,0.0017543859649122805
MAOA,1,0.0013157894736842105,0.0,0.029856062808956096
SYNE3,1,0.0013157894736842105,0.0,0.022056928034371644
DPYSL2,1,0.0013157894736842105,0.0,0.003289473684210526
RCAN1,1,0.0013157894736842105,0.0,0.003289473684210526
C4BPA,1,0.0013157894736842105,0.0,0.0017543859649122805
SYNC,1,0.0013157894736842105,0.0,0.022898082069580734
ID1,1,0.0013157894736842105,0.0,0.0013157894736842105
ETS2,1,0.0013157894736842105,0.0,0.0013157894736842105
MAGI1,1,0.0013157894736842105,0.0,0.002631578947368421
SHANK2,1,0.0013157894736842105,0.0,0.0031578947368421056
CDKN1C,1,0.0013157894736842105,0.0,0.022833580429948114
UNC5C,1,0.0013157894736842105,0.0,0.0013157894736842105
DCC,1,0.0013157894736842105,0.0,0.0013157894736842105
CITED2,1,0.0013157894736842105,0.0,0.0027412280701754384
ALOX5AP,1,0.0013157894736842105,0.0,0.02226901388085599
TRIL,1,0.0013157894736842105,0.0,0.03105716878402904
NLRC4,1,0.0013157894736842105,0.0,0.03105716878402904
HSPA2,1,0.0013157894736842105,0.0,0.0013157894736842105
MYADM,1,0.0013157894736842105,0.0,0.0013157894736842105
PLLP,1,0.0013157894736842105,0.0,0.0013157894736842105
CDKN2B,1,0.0013157894736842105,0.0,0.017270698676515848
ALDH1A2,1,0.0013157894736842105,0.0,0.0017543859649122805
PLCE1,1,0.0013157894736842105,0.0,0.002493074792243767
DNAJB4,1,0.0013157894736842105,0.0,0.0013157894736842105
ARRB1,1,0.0013157894736842105,0.0,0.02280146568954031
S100A8,1,0.0013157894736842105,0.0,0.03105716878402904
SYT11,1,0.0013157894736842105,0.0,0.024979725894088072
CCN1,1,0.0013157894736842105,0.0,0.02521281820414177
SLC2A14,1,0.0013157894736842105,0.0,0.0013157894736842105
SLC2A3,1,0.0013157894736842105,0.0,0.0013157894736842105
FMOD,1,0.0013157894736842105,0.0,0.02535239833688267
MYO1C,1,0.0013157894736842105,0.0,0.028642830574669893
NR4A3,1,0.0013157894736842105,0.0,0.0013157894736842105
NR4A1,1,0.0013157894736842105,0.0,0.0013157894736842105
PEG10,1,0.0013157894736842105,0.0,0.01991626794258373
STON2,1,0.0013157894736842105,0.0,0.024979725894088072
CMKLR1,1,0.0013157894736842105,0.0,0.019626927488212056
PCDHB16,1,0.0013157894736842105,0.0,0.0013157894736842105
PCDHB7,1,0.0013157894736842105,0.0,0.0013157894736842105
S100A12,1,0.0013157894736842105,0.0,0.023284313725490197
FXYD1,1,0.0013157894736842105,0.0,0.0017543859649122805
FXYD6,1,0.0013157894736842105,0.0,0.0017543859649122805
GZMH,1,0.0013157894736842105,0.0,0.022263781280612696
KCNE1,1,0.0013157894736842105,0.0,0.02535239833688267
PARVB,1,0.0013157894736842105,0.0,0.027759271596713302
GGT1,1,0.0013157894736842105,0.0,0.01999680051191809
NEXN,1,0.0013157894736842105,0.0,0.002368421052631579
PGR,1,0.0013157894736842105,0.0,0.028545673076923076
SCN7A,1,0.0013157894736842105,0.0,0.0013157894736842105
SCN4B,1,0.0013157894736842105,0.0,0.0013157894736842105
HBB,1,0.0013157894736842105,0.0,0.0013157894736842105
PTPRG,1,0.0013157894736842105,0.0,0.0013157894736842105
LMCD1,1,0.0013157894736842105,0.0,0.015341763499658236
GPIHBP1,1,0.0013157894736842105,0.0,0.023058252427184466
NRN1,1,0.0013157894736842105,0.0,0.02976190476190476
CRYAB,1,0.0013157894736842105,0.0,0.002368421052631579
CC2D2A,1,0.0013157894736842105,0.0,0.0013157894736842105
ID2,1,0.0013157894736842105,0.0,0.0017543859649122805
F10,1,0.0013157894736842105,0.0,0.0013157894736842105
TFPI,1,0.0013157894736842105,0.0,0.0013157894736842105
ACKR4,1,0.0013157894736842105,0.0,0.02166970802919708
ANO5,1,0.0013157894736842105,0.0,0.002368421052631579
FOXC2,1,0.0013157894736842105,0.0,0.028480291638186373
SSBP3,1,0.0013157894736842105,0.0,0.0017543859649122805
TGFBR3,1,0.0013157894736842105,0.0,0.02542826552462527
NDST1,1,0.0013157894736842105,0.0,0.0017543859649122805
CCND2,1,0.0013157894736842105,0.0,0.03209242618741977
SPX,1,0.0013157894736842105,0.0,0.02904612524689206
GGA2,1,0.0013157894736842105,0.0,0.0013157894736842105
SORT1,1,0.0013157894736842105,0.0,0.0013157894736842105
THRA,1,0.0013157894736842105,0.0,0.03604902667627974
OSCAR,1,0.0013157894736842105,0.0,0.026474637297469024
ARL13B,1,0.0013157894736842105,0.0,0.0013157894736842105
LST1,1,0.0013157894736842105,0.0,0.026474637297469024
MSX1,1,0.0013157894736842105,0.0,0.0017543859649122805
KLRB1,1,0.0013157894736842105,0.0,0.007790858725761772
CD83,1,0.0013157894736842105,0.0,0.007790858725761772
GIMAP8,1,0.0013157894736842105,0.0,0.0013157894736842105
GIMAP1,1,0.0013157894736842105,0.0,0.0013157894736842105
CES1,1,0.0013157894736842105,0.0,0.018759873617693525
NRP1,1,0.0013157894736842105,0.0,0.007790858725761772
MFAP4,1,0.0013157894736842105,0.0,0.0013157894736842105
FBLN5,1,0.0013157894736842105,0.0,0.0013157894736842105
XCL1,1,0.0013157894736842105,0.0,0.007790858725761772
CLDN18,1,0.0013157894736842105,0.0,0.028073286052009455
NOSTRIN,1,0.0013157894736842105,0.0,0.02820665083135392
DES,1,0.0013157894736842105,0.0,0.021167557932263815
PER3,1,0.0013157894736842105,0.0,0.0013157894736842105
TBC1D15,1,0.0013157894736842105,0.0,0.002368421052631579
CDC37L1,1,0.0013157894736842105,0.0,0.002990430622009569
LAYN,1,0.0013157894736842105,0.0,0.014824561403508773
MECP2,1,0.0013157894736842105,0.0,0.002105263157894737
HLF,1,0.0013157894736842105,0.0,0.0013157894736842105
GNG11,1,0.0013157894736842105,0.0,0.0017543859649122805
ARHGDIA,1,0.0013157894736842105,0.0,0.023288309268747087
RIPOR1,1,0.0013157894736842105,0.0,0.023288309268747087
PRDM16,1,0.0013157894736842105,0.0,0.002631578947368421
INMT,1,0.0013157894736842105,0.0,0.02453512396694215
NKD2,1,0.0013157894736842105,0.0,0.02418730650154799
LAMB2,1,0.0013157894736842105,0.0,0.021535015935911794
LAMA3,1,0.0013157894736842105,0.0,0.0013157894736842105
DST,1,0.0013157894736842105,0.0,0.0013157894736842105
CACNA2D1,1,0.0013157894736842105,0.0,0.024686481682630587
SCN1A,1,0.0013157894736842105,0.0,0.012356859722528077
P2RY1,1,0.0013157894736842105,0.0,0.02879189220315559
SYNPO,1,0.0013157894736842105,0.0,0.0013157894736842105
SCEL,1,0.0013157894736842105,0.0,0.0013157894736842105
SFTPB,1,0.0013157894736842105,0.0,0.0013157894736842105
TAL1,1,0.0013157894736842105,0.0,0.0013157894736842105
COX7A1,1,0.0013157894736842105,0.0,0.0017543859649122805
C11orf88,1,0.0013157894736842105,0.0,0.001973684210526316
MME,1,0.0013157894736842105,0.0,0.017884036144578314
SMAD6,1,0.0013157894736842105,0.0,0.02542826552462527
C7,1,0.0013157894736842105,0.0,0.019563426688632618
COL4A5,1,0.0013157894736842105,0.0,0.0017543859649122805
AOC3,1,0.0013157894736842105,0.0,0.02453512396694215
ADH1B,1,0.0013157894736842105,0.0,0.02453512396694215
HBA1,1,0.0013157894736842105,0.0,0.0013157894736842105
RASSF8,1,0.0013157894736842105,0.0,0.013865208796639486
EFEMP1,1,0.0013157894736842105,0.0,0.013865208796639486
PTGFR,1,0.0013157894736842105,0.0,0.02879189220315559
TCF7L1,1,0.0013157894736842105,0.0,0.02052713687494868
SPTAN1,1,0.0013157894736842105,0.0,0.02189333566862247
TRPC1,1,0.0013157894736842105,0.0,0.02189333566862247
PDGFB,1,0.0013157894736842105,0.0,0.01692429497813301
SOCS3,1,0.0013157894736842105,0.0,0.002339181286549707
LSS,1,0.0013157894736842105,0.0,0.0013157894736842105
FAXDC2,1,0.0013157894736842105,0.0,0.0013157894736842105
CYB5R3,1,0.0013157894736842105,0.0,0.0013157894736842105
CYB5B,1,0.0013157894736842105,0.0,0.0013157894736842105
CAMTA1,1,0.0013157894736842105,0.0,0.02450259727531118
RETREG1,1,0.0013157894736842105,0.0,0.026003744539213645
COL12A1,1,0.0013157894736842105,0.0,0.018584597085935177
AHNAK,1,0.0013157894736842105,0.0,0.0013157894736842105
PRX,1,0.0013157894736842105,0.0,0.0013157894736842105
GIMAP7,1,0.0013157894736842105,0.0,0.0017543859649122805
FBP1,1,0.0013157894736842105,0.0,0.02218869264222952
EDNRA,1,0.0013157894736842105,0.0,0.018230181936322285
DLL1,1,0.0013157894736842105,0.0,0.0013157894736842105
MFAP5,1,0.0013157894736842105,0.0,0.0013157894736842105
RSPO3,1,0.0013157894736842105,0.0,0.02375071252137564
PLXNA2,1,0.0013157894736842105,0.0,0.031179845347967073
IL20RA,1,0.0013157894736842105,0.0,0.022288977159880832
MBNL2,1,0.0013157894736842105,0.0,0.0013157894736842105
DMPK,1,0.0013157894736842105,0.0,0.0013157894736842105
SCNN1B,1,0.0013157894736842105,0.0,0.02658160552897395
MEF2C,1,0.0013157894736842105,0.0,0.0017543859649122805
SGIP1,1,0.0013157894736842105,0.0,0.0017543859649122805
STX11,1,0.0013157894736842105,0.0,0.002631578947368421
COL13A1,1,0.0013157894736842105,0.0,0.0017543859649122805
MFNG,1,0.0013157894736842105,0.0,0.010739234449760765
OSBPL6,1,0.0013157894736842105,0.0,0.0013157894736842105
VAPA,1,0.0013157894736842105,0.0,0.0013157894736842105
TRIB2,1,0.0013157894736842105,0.0,0.0101364522417154
EPHX2,1,0.0013157894736842105,0.0,0.002631578947368421
CALCOCO1,1,0.0013157894736842105,0.0,0.026003744539213645
COL4A4,1,0.0013157894736842105,0.0,0.0013157894736842105
COL4A3,1,0.0013157894736842105,0.0,0.0013157894736842105
DPT,1,0.0013157894736842105,0.0,0.0013157894736842105
THSD7A,1,0.0013157894736842105,0.0,0.0017543859649122805
PRELP,1,0.0013157894736842105,0.0,0.0013157894736842105
CAPSL,1,0.0013157894736842105,0.0,0.001973684210526316
SH3GL3,1,0.0013157894736842105,0.0,0.0013157894736842105
LRRK2,1,0.0013157894736842105,0.0,0.0013157894736842105
SOX17,1,0.0013157894736842105,0.0,0.01881933438985737
CD300LG,1,0.0013157894736842105,0.0,0.0270501138952164
GIMAP1-GIMAP5,1,0.0013157894736842105,0.0,0.0017543859649122805
CX3CR1,1,0.0013157894736842105,0.0,0.026041666666666668
LDB2,1,0.0013157894736842105,0.0,0.0013157894736842105
ETS1,1,0.0013157894736842105,0.0,0.027412280701754384
MAFF,1,0.0013157894736842105,0.0,0.027412280701754384
UQCRB,1,0.0013157894736842105,0.0,0.0013157894736842105
ATP5PB,1,0.0013157894736842105,0.0,0.0013157894736842105
SELENOP,1,0.0013157894736842105,0.0,0.0013157894736842105
EIF1,1,0.0013157894736842105,0.0,0.0013157894736842105
FOXP1,1,0.0013157894736842105,0.0,0.002368421052631579
LIFR,1,0.0013157894736842105,0.0,0.022288977159880832
CNTN4,1,0.0013157894736842105,0.0,0.0013157894736842105
EMILIN1,1,0.0013157894736842105,0.0,0.001973684210526316
DYNLRB2,1,0.0013157894736842105,0.0,0.0013157894736842105
DYNC1I2,1,0.0013157894736842105,0.0,0.0013157894736842105
SORBS2,1,0.0013157894736842105,0.0,0.017613340281396564
C1QTNF2,1,0.0013157894736842105,0.0,0.0017543859649122805
CCND1,1,0.0013157894736842105,0.0,0.002368421052631579
CD37,1,0.0013157894736842105,0.0,0.0013157894736842105
ACSS3,1,0.0013157894736842105,0.0,0.0017543859649122805
MYH14,1,0.0013157894736842105,0.0,0.0152046783625731
ETV1,1,0.0013157894736842105,0.0,0.01949365989230502
FGR,1,0.0013157894736842105,0.0,0.014371238314765014
EGFL7,1,0.0013157894736842105,0.0,0.010739234449760765
ROR1,1,0.0013157894736842105,0.0,0.003289473684210526
BCHE,1,0.0013157894736842105,0.0,0.02453512396694215
ANOS1,1,0.0013157894736842105,0.0,0.029987373737373736
CA4,1,0.0013157894736842105,0.0,0.0013157894736842105
CA3,1,0.0013157894736842105,0.0,0.0013157894736842105
WIF1,1,0.0013157894736842105,0.0,0.0013157894736842105
DKK2,1,0.0013157894736842105,0.0,0.0013157894736842105
SORBS1,1,0.0013157894736842105,0.0,0.0260989010989011
PCYOX1,1,0.0013157894736842105,0.0,0.025938947368421054
VSNL1,1,0.0013157894736842105,0.0,0.0013157894736842105
NRGN,1,0.0013157894736842105,0.0,0.0013157894736842105
HSPB7,1,0.0013157894736842105,0.0,0.013768249294565084
LEFTY1,1,0.0013157894736842105,0.0,0.013952528379772962
PTPRD,1,0.0013157894736842105,0.0,0.0017543859649122805
KANK2,1,0.0013157894736842105,0.0,0.0017543859649122805
CTSW,1,0.0013157894736842105,0.0,0.002631578947368421
C8B,1,0.0013157894736842105,0.0,0.01955820843499477
RFLNB,1,0.0013157894736842105,0.0,0.02034108168790861
TWIST2,1,0.0013157894736842105,0.0,0.0017543859649122805
MGP,1,0.0013157894736842105,0.0,0.0017543859649122805
FLI1,1,0.0013157894736842105,0.0,0.001973684210526316
MMRN1,1,0.0013157894736842105,0.0,0.03226902173913043
TBX3,1,0.0013157894736842105,0.0,0.024739583333333332
ADGRD1,1,0.0013157894736842105,0.0,0.0013157894736842105
NPR3,1,0.0013157894736842105,0.0,0.0013157894736842105
PPARGC1A,1,0.0013157894736842105,0.0,0.01962318587165588
TIMP3,1,0.0013157894736842105,0.0,0.017884036144578314
PIP5K1B,1,0.0013157894736842105,0.0,0.0017543859649122805
ARHGAP31,1,0.0013157894736842105,0.0,0.0017543859649122805
IGFBP5,1,0.0013157894736842105,0.0,0.0101364522417154
CYP39A1,1,0.0013157894736842105,0.0,0.004605263157894736
IRAK3,1,0.0013157894736842105,0.0,0.003289473684210526
SCGB3A2,1,0.0013157894736842105,0.0,0.0013157894736842105
CYP27A1,1,0.0013157894736842105,0.0,0.0042982456140350876
KCNMB4,1,0.0013157894736842105,0.0,0.012101682778374508
ANG,1,0.0013157894736842105,0.0,0.011703601108033241
HMGCLL1,1,0.0013157894736842105,0.0,0.0013157894736842105
CLEC10A,1,0.0013157894736842105,0.0,0.001973684210526316
JDP2,1,0.0013157894736842105,0.0,0.0013157894736842105
JUND,1,0.0013157894736842105,0.0,0.0013157894736842105
BDH2,1,0.0013157894736842105,0.0,0.0013157894736842105
DAB2,1,0.0013157894736842105,0.0,0.015742897065673032
AKAP7,1,0.0013157894736842105,0.0,0.012101682778374508
SLC8A1,1,0.0013157894736842105,0.0,0.012101682778374508
ACSL4,1,0.0013157894736842105,0.0,0.0017543859649122805
ADHFE1,1,0.0013157894736842105,0.0,0.0017543859649122805
GSTM3,1,0.0013157894736842105,0.0,0.002368421052631579
RHOBTB2,1,0.0013157894736842105,0.0,0.0013157894736842105
CUL3,1,0.0013157894736842105,0.0,0.0013157894736842105
HSPA12B,1,0.0013157894736842105,0.0,0.027616279069767442
ALDH1A1,1,0.0013157894736842105,0.0,0.019867453560371517
HIGD1B,1,0.0013157894736842105,0.0,0.0017543859649122805
GSTM5,1,0.0013157894736842105,0.0,0.019867453560371517
FOXF2,1,0.0013157894736842105,0.0,0.0013157894736842105
FOXF1,1,0.0013157894736842105,0.0,0.0013157894736842105
NKG7,1,0.0013157894736842105,0.0,0.023159774436090224
CASQ2,1,0.0013157894736842105,0.0,0.002368421052631579
SVEP1,1,0.0013157894736842105,0.0,0.03226902173913043
MAML2,1,0.0013157894736842105,0.0,0.002368421052631579
H2AZ2,1,0.0013157894736842105,0.0,0.002368421052631579
WASF2,1,0.0013157894736842105,0.0,0.012184571016582553
HSD11B1,1,0.0013157894736842105,0.0,0.016035452131813215
JAG1,1,0.0013157894736842105,0.0,0.026796433231839934
CD33,1,0.0013157894736842105,0.0,0.001973684210526316
ATP6V0A2,1,0.0013157894736842105,0.0,0.012890922959572846
CFLAR,1,0.0013157894736842105,0.0,0.02011394802141831
TNFSF12,1,0.0013157894736842105,0.0,0.02011394802141831
ZBTB47,1,0.0013157894736842105,0.0,0.001973684210526316
KCNN2,1,0.0013157894736842105,0.0,0.028642830574669893
BAALC,1,0.0013157894736842105,0.0,0.0013157894736842105
MN1,1,0.0013157894736842105,0.0,0.0013157894736842105
COL14A1,1,0.0013157894736842105,0.0,0.014886588857079941
PF4,1,0.0013157894736842105,0.0,0.008235867446393763
ITGAL,1,0.0013157894736842105,0.0,0.01694235588972431
SNTB2,1,0.0013157894736842105,0.0,0.0013157894736842105
TIAM1,1,0.0013157894736842105,0.0,0.0013157894736842105
PIP4P2,1,0.0013157894736842105,0.0,0.001973684210526316
MYO5B,1,0.0013157894736842105,0.0,0.002368421052631579
MYOZ1,1,0.0013157894736842105,0.0,0.01602655286865813
SHROOM2,1,0.0013157894736842105,0.0,0.015335753176043559
BEX1,1,0.0013157894736842105,0.0,0.01566731816278096
MITF,1,0.0013157894736842105,0.0,0.002105263157894737
SSBP2,1,0.0013157894736842105,0.0,0.01566731816278096
SH3GL2,1,0.0013157894736842105,0.0,0.0013157894736842105
DNM3,1,0.0013157894736842105,0.0,0.0013157894736842105
MYO10,1,0.0013157894736842105,0.0,0.0013157894736842105
NEO1,1,0.0013157894736842105,0.0,0.0013157894736842105
MYH10,1,0.0013157894736842105,0.0,0.0013157894736842105
BVES,1,0.0013157894736842105,0.0,0.015335753176043559
RAB8B,1,0.0013157894736842105,0.0,0.002368421052631579
MYL9,1,0.0013157894736842105,0.0,0.0013157894736842105
CRY2,1,0.0013157894736842105,0.0,0.0013157894736842105
DYNC2H1,1,0.0013157894736842105,0.0,0.0013157894736842105
IFT140,1,0.0013157894736842105,0.0,0.0013157894736842105
SULT1A2,1,0.0013157894736842105,0.0,0.0013157894736842105
SULT1A1,1,0.0013157894736842105,0.0,0.0013157894736842105
RMDN2,1,0.0013157894736842105,0.0,0.0013157894736842105
VIM,1,0.0013157894736842105,0.0,0.006435926773455378
AP1S2,1,0.0013157894736842105,0.0,0.0013157894736842105
AP1M1,1,0.0013157894736842105,0.0,0.0013157894736842105
COL4A6,1,0.0013157894736842105,0.0,0.006435926773455378
PDE4DIP,1,0.0013157894736842105,0.0,0.0013157894736842105
PRKACA,1,0.0013157894736842105,0.0,0.0013157894736842105
LGR5,1,0.0013157894736842105,0.0,0.006435926773455378
TJP2,1,0.0013157894736842105,0.0,0.0017543859649122805
TXNIP,1,0.0013157894736842105,0.0,0.006728468899521531
TNS2,1,0.0013157894736842105,0.0,0.0013157894736842105
DLC1,1,0.0013157894736842105,0.0,0.0013157894736842105
MEIS1,1,0.0013157894736842105,0.0,0.002368421052631579
ZFPM2,1,0.0013157894736842105,0.0,0.015341763499658236
ANXA8,1,0.0013157894736842105,0.0,0.0013157894736842105
PPM1F,1,0.0013157894736842105,0.0,0.028642830574669893
CPB2,1,0.0013157894736842105,0.0,0.025815217391304348
CAMP,1,0.0013157894736842105,0.0,0.005482456140350877
F2R,1,0.0013157894736842105,0.0,0.005482456140350877
ADH1C,1,0.0013157894736842105,0.0,0.0013157894736842105
ADH1A,1,0.0013157894736842105,0.0,0.0013157894736842105
GATA3,1,0.0013157894736842105,0.0,0.007790858725761772
TFRC,1,0.0013157894736842105,0.0,0.007790858725761772
RAPGEF6,1,0.0013157894736842105,0.0,0.0017543859649122805
RAB11FIP1,1,0.0013157894736842105,0.0,0.017953313516349014
RGS7BP,1,0.0013157894736842105,0.0,0.0013157894736842105
RGS9,1,0.0013157894736842105,0.0,0.0013157894736842105
PDLIM1,1,0.0013157894736842105,0.0,0.0013157894736842105
ACTN4,1,0.0013157894736842105,0.0,0.0013157894736842105
VAPB,1,0.0013157894736842105,0.0,0.0013157894736842105
RASSF9,1,0.0013157894736842105,0.0,0.017953313516349014
CD82,1,0.0013157894736842105,0.0,0.0013157894736842105
